id,name,title,organization,groups,num_resources,formats,metadata_modified,license_id,url_portal,first_resource_url,first_resource_format,tema_principal,todos_los_temas,keywords_encontradas,notes_preview
be5674de-46de-43b0-ac3d-e3b7cd45f03a,hidrants-per-als-bombers,Hidrants per als bombers,Ajuntament de València,seguridad,5,GEOJSON|HTML|JSON|KMZ|PBF,2026-02-19,cc-by,https://opendata.vlci.valencia.es/dataset/hidrants-per-als-bombers,https://geoportal.valencia.es/server/rest/services/OPENDATA/UrbanismoEInfraestructuras/MapServer/222/query?where=1=1&outFields=*&f=json,JSON,nucleo,"nucleo,equipamientos,edificacion","nucleo=bomber,hidrant,incendi; equipamientos=salud,salut; edificacion=edifici",Xarxa d'hidrants de protecció contra incendis.    Font: Geoportal https://geoportal.valencia.es/apps/GeoportalHome/es/inicio/geodatos-abiertos  
4d6bd2e6-3c95-4559-8135-682d4e0a913b,fites-bombers-hitos-bomberos,Fites Bombers,Ajuntament de València,urbanismo-infraestructuras,5,GEOJSON|HTML|JSON|KMZ|PBF,2026-02-18,cc-by,https://opendata.vlci.valencia.es/dataset/fites-bombers-hitos-bomberos,https://geoportal.valencia.es/server/rest/services/OPENDATA/Trafico/MapServer/239/query?where=1=1&outFields=*&f=json,JSON,nucleo,nucleo,nucleo=bomber,Fites de material elastòmer que flexionen 90º per a l'accés de vehicles de bombers. 
b95f3146-31dc-4d40-b9d5-1273786517e1,estats_liq_ingresos_tot_2021-22_val_clean2,Estat de liquidació d'ingressos,Ajuntament de València,hacienda,1,CSV,2026-04-15,cc-by,https://opendata.vlci.valencia.es/dataset/estats_liq_ingresos_tot_2021-22_val_clean2,https://opendata.vlci.valencia.es/dataset/b95f3146-31dc-4d40-b9d5-1273786517e1/resource/60a63909-93bb-433e-9e73-590a6b52eaac/download/estado_liq_ingresos_total-2022-2026.csv,CSV,vulnerabilidad,vulnerabilidad,vulnerabilidad=ingres,"Publicació que recull, mensualment i de manera sintètica, informació sobre la execució del pressupost d'ingressos i modificacions de crèdit"
68a9d72c-174a-42a0-bc8a-ffebdae70b4a,ingresos-y-gastos-presupuestos,Ingressos i gastos. Pressuposts de 2020 a 2025,Ajuntament de València,hacienda,1,CSV,2026-04-01,cc-by,https://opendata.vlci.valencia.es/dataset/ingresos-y-gastos-presupuestos,https://opendata.vlci.valencia.es/dataset/68a9d72c-174a-42a0-bc8a-ffebdae70b4a/resource/a6a00d7b-45b7-41d9-910e-7746c230e4ee/download/presupuesto_gastos_ingresos.csv,CSV,vulnerabilidad,vulnerabilidad,vulnerabilidad=ingres,Ingressos y gastos prevists per las pressupots dels anys 2020 a 2025
748cc8ac-9834-441f-a3e7-3fd7a434ba9a,1_1,Població en risc de pobresa relativa considerant el llindar nacional de pobresa segons ingressos,Ajuntament de València,sociedad-bienestar,1,XLSX,2026-03-19,cc-by,https://opendata.vlci.valencia.es/dataset/1_1,https://opendata.vlci.valencia.es/dataset/748cc8ac-9834-441f-a3e7-3fd7a434ba9a/resource/f37e1904-8467-4ed0-bf42-b9fbffe53723/download/1_1.xlsx,XLSX,vulnerabilidad,"vulnerabilidad,contexto","vulnerabilidad=ingres,pobresa,pobreza,riesgo,risc; contexto=població,población",Població en risc de pobresa relativa.    Conjunt de dades d'Alt Valor: Dades Estadístiques    
ca18278b-d040-4274-b9c7-c1a9daae54b9,vulnerabilidad-por-barrios,Vulnerabilitat per barris 2021,Ajuntament de València,sociedad-bienestar,3,CSV|GEOJSON|SHP,2026-03-19,cc-by,https://opendata.vlci.valencia.es/dataset/vulnerabilidad-por-barrios,https://opendata.vlci.valencia.es/dataset/ca18278b-d040-4274-b9c7-c1a9daae54b9/resource/ecd13c3a-8860-467f-bdb2-3c0697842db1/download/vulnerabilidad-por-barrios.zip,SHP,vulnerabilidad,"vulnerabilidad,equipamientos,edificacion,contexto","vulnerabilidad=vulnerab; equipamientos=colegio,equipament,hospital,mayor,salud,salut; edificacion=catastr,construcci,edifici; contexto=barri,demograf,edad,edat,població,población","Esta capa conté l'índex de vulnerabilitat en equipaments, demografia, soci-economía i global de cadascun dels barris de la ciutat de València en 2021. * Nom: Nom del barri. * Codbar: Codi del barri. * Districte: Nom del districte. * Ind_Equip: Índex de vulnerabilitat en equipaments: salut (hospitals"
72ad8807-4aa4-4806-a59c-b77bfd83dc79,presupuesto-ingresos-por-codigo-economico,Pressupost ingressos 2023 - 2025 per codi económic,Ajuntament de València,sector-publico,1,CSV,2026-03-16,cc-by,https://opendata.vlci.valencia.es/dataset/presupuesto-ingresos-por-codigo-economico,https://opendata.vlci.valencia.es/dataset/72ad8807-4aa4-4806-a59c-b77bfd83dc79/resource/e67b061c-f6c7-4546-9576-840ff8fca29b/download/presupuesto-ingresos-por-codigo-economico.csv,CSV,vulnerabilidad,vulnerabilidad,vulnerabilidad=ingres,Ingressos previstos al pressupost classificats pel codi econòmic del 2023 al 2025
d8f0efe7-cd64-4df7-ab10-80e5611ee30a,presupuesto-de-ingresos-resumen-por-articulos,Pressupost d'ingressos. Resum per articles 2023 - 2025,Ajuntament de València,hacienda,1,CSV,2026-03-16,cc-by,https://opendata.vlci.valencia.es/dataset/presupuesto-de-ingresos-resumen-por-articulos,https://opendata.vlci.valencia.es/dataset/d8f0efe7-cd64-4df7-ab10-80e5611ee30a/resource/a1a36f65-769c-4f7f-9b55-bfe9d2db554f/download/presupuesto-de-ingresos-resumen-por-articulos.csv,CSV,vulnerabilidad,vulnerabilidad,vulnerabilidad=ingres,Pressupost dels ingressos anuals de 2023 a 2025 resumit per articles
263d3466-f23f-41ca-a710-2a0d87250ea3,presupuesto-de-ingresos-listado-economico,Pressupost d'ingressos. Llistat econòmic 2023 - 2025,Ajuntament de València,hacienda,1,CSV,2026-03-16,cc-by,https://opendata.vlci.valencia.es/dataset/presupuesto-de-ingresos-listado-economico,https://opendata.vlci.valencia.es/dataset/263d3466-f23f-41ca-a710-2a0d87250ea3/resource/0104a091-95c4-452b-835d-27d2a6a9901c/download/presupuesto-de-ingresos-listado-economico.csv,CSV,vulnerabilidad,vulnerabilidad,vulnerabilidad=ingres,Pressupostos dels ingressos anuals de 2023 a 2025 disgregat en un llistat econòmic
d96a7388-6962-41e4-af03-8ca6f5735d17,is-bis-006,Nombre total d'expedients d'ajuda a ciutadans en risc d'exclusió hídrica que s'han obert,Ajuntament de València,sociedad-bienestar,1,CSV,2025-06-13,cc-by,https://opendata.vlci.valencia.es/dataset/is-bis-006,https://datosbi.vlci.valencia.es/pentaho/plugin/cda/api/doQuery?path=/public/vlci/datosabiertos/servicios_sociales_kpi.cda&dataAccessId=sqlServiciosSocialesKpi&_TRUST_USER_=publicoda&outputType=csv&paramid=is-bis-006,CSV,vulnerabilidad,vulnerabilidad,"vulnerabilidad=riesgo,risc","L'Ajuntament de València valora i tramita ajudes econòmiques no periòdiques i de caràcter extraordinari, destinades a pal·liar situacions de necessitat bàsica per a ciutadans en risc d'exclusió hídrica. Este conjunt de dades publica el nombre total d'expedients d'ajuda a ciutadans en risc d'exclusió"
d9043bfc-82b5-42b2-bd62-036a68785d17,is-bis-007,Nombre total d'expedients d'ajuda a ciutadans en risc d'exclusió hídrica que s'han resolt,Ajuntament de València,sociedad-bienestar,1,CSV,2025-06-13,cc-by,https://opendata.vlci.valencia.es/dataset/is-bis-007,https://datosbi.vlci.valencia.es/pentaho/plugin/cda/api/doQuery?path=/public/vlci/datosabiertos/servicios_sociales_kpi.cda&dataAccessId=sqlServiciosSocialesKpi&_TRUST_USER_=publicoda&outputType=csv&paramid=is-bis-007,CSV,vulnerabilidad,vulnerabilidad,"vulnerabilidad=riesgo,risc","L'Ajuntament de València valora i tramita ajudes econòmiques no periòdiques i de caràcter extraordinari, destinades a pal·liar situacions de necessitat bàsica per a ciutadans en risc d'exclusió hídrica. Este conjunt de dades publica el nombre total d'expedients d'ajuda a ciutadans en risc d'exclusió"
8f222f99-1536-478d-95a1-a270865c0edc,is-bis-008,Imports pagats d'expedients d'ajuda a ciutadans en risc d'exclusió hídrica,Ajuntament de València,sociedad-bienestar,1,CSV,2025-06-13,cc-by,https://opendata.vlci.valencia.es/dataset/is-bis-008,https://datosbi.vlci.valencia.es/pentaho/plugin/cda/api/doQuery?path=/public/vlci/datosabiertos/servicios_sociales_kpi.cda&dataAccessId=sqlServiciosSocialesKpi&_TRUST_USER_=publicoda&outputType=csv&paramid=is-bis-008,CSV,vulnerabilidad,vulnerabilidad,"vulnerabilidad=riesgo,risc","L'Ajuntament de València valora i tramita ajudes econòmiques no periòdiques i de caràcter extraordinari, destinades a pal·liar situacions de necessitat bàsica per a ciutadans en risc d'exclusió hídrica. Este conjunt de dades publica els imports pagats d'expedients d'ajuda a ciutadans en risc d'exclu"
e1ebd0a6-1ceb-4252-8dcb-0d0d916bf572,is_sct_230305,Ingressos per recàrrega de targeta de prepagament,Ajuntament de València,,1,CSV,2024-04-29,cc-by,https://opendata.vlci.valencia.es/dataset/is_sct_230305,https://datosbi.vlci.valencia.es/pentaho/plugin/cda/api/doQuery?path=/public/vlci/datosabiertos/movilidad_impulso_vehiculo_electrico.cda&dataAccessId=kpi_vehiculos_electricos&paramkpi=IS_SCT_230305&_TRUST_USER_=publicoda&outputType=csv,CSV,vulnerabilidad,vulnerabilidad,vulnerabilidad=ingres,Ingressos totals en el període per les recàrregues de saldo de targeta de prepagament fetes pels usuaris
a6f5e978-b622-419b-b1a4-b7c6c3fbadb7,income-per-household-and-person,Renda per llar i persona,Ajuntament de València,,3,CSV,2022-11-17,cc-by,https://opendata.vlci.valencia.es/dataset/income-per-household-and-person,https://opendata.vlci.valencia.es/dataset/a6f5e978-b622-419b-b1a4-b7c6c3fbadb7/resource/5a7fd66b-684a-445c-a008-d9685da2e807/download/renda_val.csv,CSV,vulnerabilidad,vulnerabilidad,vulnerabilidad=renta,Mostra difentes tipus de renda des de l'any 2015 fina al 2020:  - Mitjana de la renda per unitat de consum  - Mitja de la renda per unitat de consum  - Renda bruta mitjana per llar  - Renda bruta mitja per persona  - Renda neta mitja per llar  - Renda neta mitja per persona   
0edec075-bce9-4ac9-8c5a-e312fdcd46cf,equipamients-municipals-equipamientos-municipales,Equipamients municipals,Ajuntament de València,urbanismo-infraestructuras,5,GEOJSON|HTML|JSON|KMZ|PBF,2026-04-16,cc-by,https://opendata.vlci.valencia.es/dataset/equipamients-municipals-equipamientos-municipales,https://geoportal.valencia.es/server/rest/services/OPENDATA/SociedadBienestar/MapServer/1/query?where=1=1&outFields=*&f=json,JSON,equipamientos,equipamientos,equipamientos=equipament,Recol·lecció de totes les entitats i localitzacions dels diferents servicis que existixen a la ciutat de València. Este dataset ha sigut obtingut a partir de l'apartat Infociudad de la web municipal.    Font: Geoportal https://geoportal.valencia.es/apps/GeoportalHome/es/inicio/geodatos-abiertos    C
c83420e6-1553-4873-b2f1-1d86241b88fb,pudsar-sources,Fonts PUSDAR,Ajuntament de València,,1,GEOJSON,2026-04-02,cc-by,https://opendata.vlci.valencia.es/dataset/pudsar-sources,https://opendata.vlci.valencia.es/dataset/c83420e6-1553-4873-b2f1-1d86241b88fb/resource/60173cfc-288a-4fa2-ac16-75c2e09b24be/download/fonts_pusdar-v3.geojson,GeoJSON,equipamientos,equipamientos,"equipamientos=salud,salut",Fonts d'aigua filtrada i refrigerada
b5c2656c-6c1c-413d-a56e-549e52220502,hourly-air-quality-data-since-2016,Dades horaris qualitat de l'aire desde 2016,Ajuntament de València,"medio-ambiente, salud",3,CSV,2026-04-02,cc-by,https://opendata.vlci.valencia.es/dataset/hourly-air-quality-data-since-2016,https://opendata.vlci.valencia.es/dataset/b5c2656c-6c1c-413d-a56e-549e52220502/resource/4be7248b-9597-4017-89af-82a9b6e2382f/download/rvvcca.-datos-horarios-valencia-2016-2021-curt-cas.csv,CSV,equipamientos,equipamientos,equipamientos=salud,"Dades horàries de qualitat de l'aire de les Estacions de la Xarxa de Vigilància de la ciutat de València des de 2016.    Estacions: Av. França, Bulevard Sud, Vaig moldre del Sol, Pista Silla, Politècnic, Vivers, Centre, Conselleria Meteo, Natzaret Meteo, Port València.    Paràmetres: PM1, PM2.5, PM1"
32649714-be6d-466c-9a78-3ad34b700e5d,gei-emissions-data-in-valencia,Dades emissions GEI a València,Ajuntament de València,"medio-ambiente, salud",3,CSV,2026-04-02,cc-by,https://opendata.vlci.valencia.es/dataset/gei-emissions-data-in-valencia,https://opendata.vlci.valencia.es/dataset/32649714-be6d-466c-9a78-3ad34b700e5d/resource/5c8e2d6b-5498-4baa-b804-b52412861541/download/datos-emisiones-gei-en-valencia-val.csv,CSV,equipamientos,equipamientos,equipamientos=salud,"Dades d'emissions de gasos d'efecte d'hivernacle de la ciutat de València, desagregats per sectors, criteris i indicadors.     Paràmetre: CO₂ eq    Font: Climómetre (SITE)"
8e06ce70-64d3-4bb3-b728-da4cc6d1f0af,recursos-socials-dirigits-a-majors,Recursos socials dirigits a majors,Ajuntament de València,sociedad-bienestar,8,CSV|DWG|GEOJSON|GML|KML|SHZ|WFS|WMS,2026-04-01,cc-by,https://opendata.vlci.valencia.es/dataset/recursos-socials-dirigits-a-majors,https://geoportal.valencia.es/server/services/OPENDATA/SociedadBienestar/MapServer/WFSServer?service=WFS&version=1.1.0&request=GetFeature&typename=R.S._majors___R.S._mayores,WFS,equipamientos,equipamientos,equipamientos=mayor,"Recursos socials (administració pública, associacions, empreses de servicis…) en el municipi de València que presten servicis dirigits a persones majors    * Descripción: Descripció del recurs social.  * Titularidad: Titular del recurs, si ho té.  * idnotes: Identificador que enllaça amb la guia de "
c389b148-0fad-46b2-8c7b-f5c5aa866a65,hospitales,Hospitals i altres centres sanitaris 2024,Ajuntament de València,salud,3,CSV|GEOJSON|SHP,2026-03-24,cc-by,https://opendata.vlci.valencia.es/dataset/hospitales,https://opendata.vlci.valencia.es/dataset/c389b148-0fad-46b2-8c7b-f5c5aa866a65/resource/82588e44-2ba8-4038-9bc9-5fb1ce2428d2/download/hospitales.geojson,GeoJSON,equipamientos,equipamientos,"equipamientos=hospital,salud,sanitari",Localització d'hospitals i altres centres sanitaris de la ciutat de València fins a 2024    Conjunt de dades d'Alt Valor: Dades Geoespacials
31d1b1ae-b53c-4bcc-9dee-5ff35dca8881,velocitat-carrers-velocidad-calles,Velocitat Carrers,Ajuntament de València,urbanismo-infraestructuras,5,GEOJSON|HTML|JSON|KMZ|PBF,2026-03-23,cc-by,https://opendata.vlci.valencia.es/dataset/velocitat-carrers-velocidad-calles,https://geoportal.valencia.es/server/rest/services/OPENDATA/Trafico/MapServer/223/query?where=1=1&outFields=*&f=json,JSON,equipamientos,"equipamientos,edificacion,contexto",equipamientos=residenci; edificacion=residencial; contexto=carrer,Informació geogràfica de la velocitat límit dels carrers de València. * Velocitat / Velocidad: Velocitat màxima a la qual es pot circular per este tram. Els camps de text possibles (domini) tenen la següent correspondència: * Peatonal: 0Km (no es pot circular). * Residencial: 20Km (Vianants tenen pr
0a22336d-1826-41b1-921d-aca9972137a6,mapa-soroll-vesprada-mapa-ruido-tarde,Mapa soroll vesprada (2022),Ajuntament de València,"medio-ambiente, salud",5,GEOJSON|HTML|JSON|KMZ|PBF,2026-03-23,cc-by,https://opendata.vlci.valencia.es/dataset/mapa-soroll-vesprada-mapa-ruido-tarde,https://geoportal.valencia.es/server/rest/services/OPENDATA/Salud/MapServer/142/query?where=1=1&outFields=*&f=json,JSON,equipamientos,equipamientos,"equipamientos=salud,salut",Índex de soroll associat a la molèstia durant el període vespertí. Nivell sonor mitjà a llarg termini determinat al llarg de tots els períodes vespertins de l'any 2022 (19.00 h. – 23.00 h.). * Gid: Identificador del polígon. * Nivell: Codi de nivell del soroll d'1 a 5.    Gid: Identificador del polí
e65fccdb-ee69-497a-859e-fe517eceaac3,mapa-soroll-nit-mapa-ruido-noche,Mapa soroll nit (2022),Ajuntament de València,"medio-ambiente, salud",5,GEOJSON|HTML|JSON|KMZ|PBF,2026-03-23,cc-by,https://opendata.vlci.valencia.es/dataset/mapa-soroll-nit-mapa-ruido-noche,https://geoportal.valencia.es/server/rest/services/OPENDATA/Salud/MapServer/143/query?where=1=1&outFields=*&f=json,JSON,equipamientos,equipamientos,"equipamientos=salud,salut",Índex de soroll associat a la molèstia durant el període nocturn. Nivell sonor mitjà a llarg termini determinat al llarg de tots els períodes nocturns de l'any 2022 (23.00 h.– 07.00 h.). * Gid: Identificador del polígon. * Nivell: Codi de nivell del soroll d'1 a 5.    Font: Geoportal https://geoport
a6575f0f-05b2-492f-bbda-79a2f4316573,mapa-soroll-dia-mapa-ruido-dia,Mapa soroll dia (2022),Ajuntament de València,"medio-ambiente, salud",5,GEOJSON|HTML|JSON|KMZ|PBF,2026-03-23,cc-by,https://opendata.vlci.valencia.es/dataset/mapa-soroll-dia-mapa-ruido-dia,https://geoportal.valencia.es/server/rest/services/OPENDATA/Salud/MapServer/158/query?where=1=1&outFields=*&f=json,JSON,equipamientos,equipamientos,"equipamientos=salud,salut",Índex de soroll associat a la molèstia durant el període diürn. Nivell sonor mitjà a llarg termini determinat al llarg de tots els períodes diürns de l'any 2022 (07.00 h. – 19.00 h.). * Gid: Identificador del polígon. * Nivell: Codi de nivell del soroll d'1 a 5.    Font: Geoportal https://geoportal.
fd88b13d-b220-487b-8c32-db8b15e3b844,mapa-soroll-24h-mapa-ruido-24h,Mapa soroll 24h (2022),Ajuntament de València,"medio-ambiente, salud",5,GEOJSON|HTML|JSON|KMZ|PBF,2026-03-23,cc-by,https://opendata.vlci.valencia.es/dataset/mapa-soroll-24h-mapa-ruido-24h,https://geoportal.valencia.es/server/rest/services/OPENDATA/Salud/MapServer/144/query?where=1=1&outFields=*&f=json,JSON,equipamientos,equipamientos,"equipamientos=mayor,salud,salut",Índex de soroll associat a la molèstia global. Representa un valor mitjà dels tres períodes dia/ tarde/nit donant major importància als nivells a la vesprada i a la nit per a ser períodes mes sensibles als nivells de soroll (any 2022). * Gid: Identificador del polígon. * Nivell: Codi de nivell del s
ba8a8f49-4c7a-4e8d-9237-5ff7909bf12f,colecamins,Colecamins,Ajuntament de València,urbanismo-infraestructuras,5,GEOJSON|HTML|JSON|KMZ|PBF,2026-03-20,cc-by,https://opendata.vlci.valencia.es/dataset/colecamins,https://geoportal.valencia.es/server/rest/services/OPENDATA/Trafico/MapServer/231/query?where=1=1&outFields=*&f=json,JSON,equipamientos,equipamientos,equipamientos=colegio,Localització de zones colecaminos: zones on transiten grups d'estudiants que caminen junts cap al col·legi al llarg d'un recorregut segur i supervisat.    Font: Geoportal https://geoportal.valencia.es/apps/GeoportalHome/es/inicio/geodatos-abiertos    Conjunt de dades d'Alt Valor: Dades de Mobilitat 
211b1cbe-34bc-419f-bc6c-8d7e4ffed193,cartografia-base-toponimia-toponimia,Cartografia Base Toponímia,Ajuntament de València,urbanismo-infraestructuras,5,GEOJSON|HTML|JSON|KMZ|PBF,2026-03-20,cc-by,https://opendata.vlci.valencia.es/dataset/cartografia-base-toponimia-toponimia,https://geoportal.valencia.es/server/rest/services/OPENDATA/UrbanismoEInfraestructuras/MapServer/142/query?where=1=1&outFields=*&f=json,JSON,equipamientos,"equipamientos,edificacion",equipamientos=mayor; edificacion=construcci,"Sèrie cartogràfica vectorial oficial de referència a escala 1:500, 1:1000 i 1:2000 en 2D, elaborada per la Secció de Cartografia del Servici de Planejament., que representa la realitat topogràfica del TM de València. És una combinació de restitucions fotogramètrica del vol d'agost 2018, vols de 2006"
6ae3f819-1f7a-45f8-9864-ed1f24cdbb31,cartografia-base-quadriculacuadricula-500,Cartografia Base quadrícula 500,Ajuntament de València,urbanismo-infraestructuras,5,GEOJSON|HTML|JSON|KMZ|PBF,2026-03-20,cc-by,https://opendata.vlci.valencia.es/dataset/cartografia-base-quadriculacuadricula-500,https://geoportal.valencia.es/server/rest/services/OPENDATA/UrbanismoEInfraestructuras/MapServer/146/query?where=1=1&outFields=*&f=json,JSON,equipamientos,"equipamientos,edificacion",equipamientos=mayor; edificacion=construcci,"Quadricula 500 del terme municipal de València.    Sèrie cartogràfica vectorial oficial de referència a escala 1:500, 1:1000 i 1:2000 en 2D, elaborada per la Secció de Cartografia del Servici de Planejament., que representa la realitat topogràfica del TM de València. És una combinació de restitucion"
f7cda53e-1830-4c4f-8ebc-bfee21eeb4fa,cartografia-base-quadriculacuadricula-2000,Cartografia Base quadrícula 2000,Ajuntament de València,urbanismo-infraestructuras,5,GEOJSON|HTML|JSON|KMZ|PBF,2026-03-20,cc-by,https://opendata.vlci.valencia.es/dataset/cartografia-base-quadriculacuadricula-2000,https://geoportal.valencia.es/server/rest/services/OPENDATA/UrbanismoEInfraestructuras/MapServer/144/query?where=1=1&outFields=*&f=json,JSON,equipamientos,"equipamientos,edificacion",equipamientos=mayor; edificacion=construcci,"Quadricula 1000 i 2000 del terme municipal de València.    Sèrie cartogràfica vectorial oficial de referència a escala 1:500, 1:1000 i 1:2000 en 2D, elaborada per la Secció de Cartografia del Servici de Planejament., que representa la realitat topogràfica del TM de València. És una combinació de res"
ffaa58de-3cb4-48b9-af07-f4e28fddd084,cartografia-base-orografia,Cartografia Base Orografia,Ajuntament de València,urbanismo-infraestructuras,5,GEOJSON|HTML|JSON|KMZ|PBF,2026-03-20,cc-by,https://opendata.vlci.valencia.es/dataset/cartografia-base-orografia,https://geoportal.valencia.es/server/rest/services/OPENDATA/UrbanismoEInfraestructuras/MapServer/131/query?where=1=1&outFields=*&f=json,JSON,equipamientos,"equipamientos,edificacion",equipamientos=mayor; edificacion=construcci,"Conté l'orografia del terme municipal de València, representada mitjançant corbes de nivell, incloent-hi el seu mètode de creació, data i tipus de corba.    Sèrie cartogràfica vectorial oficial de referència a escala 1:500, 1:1000 i 1:2000 en 2D, elaborada per la Secció de *Cartografia del Servici d"
258e1428-adb6-4955-ad04-9f69da67d0ba,cartografia-base-hidrografia,Cartografia Base Hidrografia,Ajuntament de València,medio-ambiente,5,GEOJSON|HTML|JSON|KMZ|PBF,2026-03-20,cc-by,https://opendata.vlci.valencia.es/dataset/cartografia-base-hidrografia,https://geoportal.valencia.es/server/rest/services/OPENDATA/UrbanismoEInfraestructuras/MapServer/113/query?where=1=1&outFields=*&f=json,JSON,equipamientos,"equipamientos,edificacion",equipamientos=mayor; edificacion=construcci,"Conté informació sobre la hidrografia del terme municipal de València, incloent-hi el seu mètode de creació, data i tipus d'element hidrogràfic.    Sèrie cartogràfica vectorial oficial de referència a escala 1:500, 1:1000 i 1:2000 en 2D, elaborada per la Secció de Cartografia del Servici de Planejam"
d1c18d9e-bb40-4812-96e5-cc7f32ae869f,cartografia-base-edificis-edificios,Cartografia Base Edificis,Ajuntament de València,urbanismo-infraestructuras,5,GEOJSON|HTML|JSON|KMZ|PBF,2026-03-20,cc-by,https://opendata.vlci.valencia.es/dataset/cartografia-base-edificis-edificios,https://geoportal.valencia.es/server/rest/services/OPENDATA/UrbanismoEInfraestructuras/MapServer/112/query?where=1=1&outFields=*&f=json,JSON,equipamientos,"equipamientos,edificacion","equipamientos=mayor; edificacion=construcci,edifici,manzana","Conté informació sobre la façana dels edificis de cada poma del terme municipal de València, incloent-hi el seu mètode de creació i data.    Sèrie cartogràfica vectorial oficial de referència a escala 1:500, 1:1000 i 1:2000 en 2D, elaborada per la Secció de Cartografia del Servici de Planejament., q"
51201fca-de88-4c80-86a6-eb74eb4ec958,cartografia-base-construcciones-puntuals-construcciones-puntuales,Cartografia Base Construccions Puntuals,Ajuntament de València,urbanismo-infraestructuras,5,GEOJSON|HTML|JSON|KMZ|PBF,2026-03-20,cc-by,https://opendata.vlci.valencia.es/dataset/cartografia-base-construcciones-puntuals-construcciones-puntuales,https://geoportal.valencia.es/server/rest/services/OPENDATA/UrbanismoEInfraestructuras/MapServer/287/query?where=1=1&outFields=*&f=json,JSON,equipamientos,"equipamientos,edificacion","equipamientos=mayor; edificacion=construcci,edifici","Conté informació sobre quioscos construïts del terme municipal de València, incloent-hi el tipus de quiosc.    Sèrie cartogràfica vectorial oficial de referència a escala 1:500, 1:1000 i 1:2000 en 2D, elaborada per la Secció de Cartografia del Servici de Planejament., que representa la realitat topo"
6bad4975-7097-4029-9eb6-92b7cb804558,cartografia-base-construcciones-construcciones,Cartografia Base Construccions,Ajuntament de València,urbanismo-infraestructuras,5,GEOJSON|HTML|JSON|KMZ|PBF,2026-03-20,cc-by,https://opendata.vlci.valencia.es/dataset/cartografia-base-construcciones-construcciones,https://geoportal.valencia.es/server/rest/services/OPENDATA/UrbanismoEInfraestructuras/MapServer/114/query?where=1=1&outFields=*&f=json,JSON,equipamientos,"equipamientos,edificacion",equipamientos=mayor; edificacion=construcci,"Conté informació sobre obres que es realitzen del terme municipal de València, incloent-hi el seu mètode de creació, data i tipus d'obra realitzada.    Sèrie cartogràfica vectorial oficial de referència a escala 1:500, 1:1000 i 1:2000 en 2D, elaborada per la Secció de Cartografia del Servici de Plan"
078a46bc-8a62-4a32-9449-398dd2e8a901,cartografia-base-comunicacions-comunicaciones,Cartografia Base Comunicacions,Ajuntament de València,urbanismo-infraestructuras,5,GEOJSON|HTML|JSON|KMZ|PBF,2026-03-20,cc-by,https://opendata.vlci.valencia.es/dataset/cartografia-base-comunicacions-comunicaciones,https://geoportal.valencia.es/server/rest/services/OPENDATA/UrbanismoEInfraestructuras/MapServer/115/query?where=1=1&outFields=*&f=json,JSON,equipamientos,"equipamientos,edificacion",equipamientos=mayor; edificacion=construcci,"Conté informació sobre les vies de comunicació del terme municipal de València, incloent-hi el seu mètode de creació, data i tipus de via.    Sèrie cartogràfica vectorial oficial de referència a escala 1:500, 1:1000 i 1:2000 en 2D, elaborada per la Secció de Cartografia del Servici de Planejament., "
27fc0506-dfa7-4905-b109-a1df3f938fa7,cartografia-base-vegetacio-vegetacion,Cartografia Base Vegetació,Ajuntament de València,"medio-ambiente, urbanismo-infraestructuras",5,DBASE|GEOJSON|HTML|JSON|KMZ,2026-03-20,cc-by,https://opendata.vlci.valencia.es/dataset/cartografia-base-vegetacio-vegetacion,https://geoportal.valencia.es/server/rest/services/OPENDATA/UrbanismoEInfraestructuras/MapServer/117/query?where=1=1&outFields=*&f=json,JSON,equipamientos,"equipamientos,edificacion",equipamientos=mayor; edificacion=construcci,"Conté informació sobre la infraestructura verda del terme municipal de València, incloent-hi el seu mètode de creació, data i element de la Infraestructura Verda.    Sèrie cartogràfica vectorial oficial de referència a escala 1:500, 1:1000 i 1:2000 en 2D, elaborada per la Secció de Cartografia del S"
53702e09-84f2-4519-9621-a86943ae334f,cartografia-base-punt-de-cota-puntos-de-cota,Cartografia Base Punts de Cota,Ajuntament de València,urbanismo-infraestructuras,5,GEOJSON|HTML|JSON|KMZ|PBF,2026-03-20,cc-by,https://opendata.vlci.valencia.es/dataset/cartografia-base-punt-de-cota-puntos-de-cota,https://geoportal.valencia.es/server/rest/services/OPENDATA/UrbanismoEInfraestructuras/MapServer/111/query?where=1=1&outFields=*&f=json,JSON,equipamientos,"equipamientos,edificacion",equipamientos=mayor; edificacion=construcci,"Conté informació sobre punts de cota del terme municipal de València, incloent-hi les seues coordenades X, I, Z.    Sèrie cartogràfica vectorial oficial de referència a escala 1:500, 1:1000 i 1:2000 en 2D, elaborada per la Secció de Cartografia del Servici de Planejament., que representa la realitat"
11436f0c-082b-4e5b-9659-005f5b528bde,centros-educativos-en-valencia,Centres Educatius en València,Ajuntament de València,educacion,3,CSV|GEOJSON|SHP,2026-03-19,cc-by,https://opendata.vlci.valencia.es/dataset/centros-educativos-en-valencia,https://opendata.vlci.valencia.es/dataset/11436f0c-082b-4e5b-9659-005f5b528bde/resource/938e34b7-bb7d-4b0c-8176-3602d47ebd6a/download/centros-educativos-en-valencia.geojson,GeoJSON,equipamientos,equipamientos,"equipamientos=educac,escola,escuel","Centres educatius que inclouen els centres de batxillerat, cicles formatius, centres d'educació d'adults, d'educació especial, d'infantil primer i segon cicle, de primària, de secundària obligatòria, centres d'ensenyances elementals i professionals de dansa i música, centres d'estudis superiors de d"
ef51bc65-073e-4370-8f54-b0664dad0a13,dataset_pasos-sanciones_mobilidad,Informació quadre de mando àrea de prioritat residència (APR),Ajuntament de València,sector-publico,1,CSV,2026-03-17,cc-by,https://opendata.vlci.valencia.es/dataset/dataset_pasos-sanciones_mobilidad,https://opendata.vlci.valencia.es/dataset/ef51bc65-073e-4370-8f54-b0664dad0a13/resource/f17c25cc-05aa-4973-beaa-841f7a74dbb7/download/dataset_pasos-sanciones_mobilidad.csv,CSV,equipamientos,equipamientos,equipamientos=residenci,"Dades mensuals i per cada u dels accesos (Corona, Portal Nou, …):  - Número passos totals  - Número de sancions propostes"
6b0b7ec3-0aff-4757-bf1c-0a95cda7e98d,rvvcca_d_horarios_2021-2022,Dades per hores qualitat aire 2021-2022,Ajuntament de València,"medio-ambiente, salud",1,CSV,2026-03-16,cc-by,https://opendata.vlci.valencia.es/dataset/rvvcca_d_horarios_2021-2022,https://opendata.vlci.valencia.es/dataset/6b0b7ec3-0aff-4757-bf1c-0a95cda7e98d/resource/19b5a1a7-5888-4d3e-b69b-3c1436d64e6e/download/rvvcca_d_horarios_2021-2022.csv,CSV,equipamientos,equipamientos,equipamientos=salud,"Dades diàries de qualitat de l'aire de les estaciones de la xarxa de vigilància de la ciutat de València. Estacions: Avda. Francia, Bulevar Sud, Molí del Sol, Pista Silla, Politècnic, Vivers, Centre, Conselleria Meteo, Nazaret Meteo, Port València Paràmetres: PM1, PM2.5, PM10, NO, NO2, NOx, O3, SO2,"
81e947f7-4be5-4e2e-b73e-4a74c9c0b15b,rvvcca_d_horarios_2016-2020,Dades per hores qualitat aire 2016-2020,Ajuntament de València,"medio-ambiente, salud",1,CSV,2026-03-16,cc-by,https://opendata.vlci.valencia.es/dataset/rvvcca_d_horarios_2016-2020,https://opendata.vlci.valencia.es/dataset/81e947f7-4be5-4e2e-b73e-4a74c9c0b15b/resource/786675f9-6cff-4fd5-9946-ccbc4d8c87c8/download/rvvcca_d_horarios_2016-2020.csv,CSV,equipamientos,equipamientos,equipamientos=salud,"Dades per hores de qualitat de l'aire de les estaciones de la xarxa de vigilància de la ciutat de València. Estacions: Av. França, Bulevard Sud, Molino del Sol, Pista Silla, Politècnic, Vivers, Centre, Conselleria Meteo, Natzaret Meteo, Port València Paràmetres: PM1, PM2.5, PM10, NO, NO2, NOx, O3, S"
8338f568-6082-4656-b22d-5f3552451d59,plazas-vacantes-ayuntamiento-valencia,Places vacants Ajuntament València 2023 - 2025,Ajuntament de València,sector-publico,1,CSV,2026-03-16,cc-by,https://opendata.vlci.valencia.es/dataset/plazas-vacantes-ayuntamiento-valencia,https://opendata.vlci.valencia.es/dataset/8338f568-6082-4656-b22d-5f3552451d59/resource/749f8b6f-ba1c-480a-b72c-a1a8798acc93/download/plazas-vacantes-ayuntamiento-valencia.csv,CSV,equipamientos,equipamientos,"equipamientos=educac,escola","Places vacants a l'Ajuntament de València de 2023 a 2025 per nivells i servicis. Es descriuen el nombre de places vacants de les places assignades a cada servici per categories. * A1: Nombre de places vacants per al nivell A1. Per a l'accés als cossos o escales del subgrup A1, s'exigirà estar en pos"
4e9cd4f5-cff7-4cf2-b48e-6da4a4cd41b8,niveles-y-servicios-rrcc-2023-2024,Nivells i servicis RRCC 2023 - 2024,Ajuntament de València,hacienda,1,CSV,2026-03-16,cc-by,https://opendata.vlci.valencia.es/dataset/niveles-y-servicios-rrcc-2023-2024,https://opendata.vlci.valencia.es/dataset/4e9cd4f5-cff7-4cf2-b48e-6da4a4cd41b8/resource/50bc28c5-25bf-4b62-8e97-e27aab4241a8/download/niveles-y-servicios-rrcc.csv,CSV,equipamientos,equipamientos,"equipamientos=educac,escola","Nivells dels diferents servicis de l'Ajuntament de València per any registrats en RRCC. Es descriuen les places per categories assignades a cada servici. * A1: Nombre de places assignades per al nivell A1. Per a l'accés als cossos o escales del subgrup A1, s'exigirà estar en possessió del títol univ"
cc048105-1f73-4c6f-97a1-2225e75e2973,zones-zas-zonas-zas,Zones ZAS,Ajuntament de València,salud,5,GEOJSON|HTML|JSON|KMZ|PBF,2026-02-28,cc-by,https://opendata.vlci.valencia.es/dataset/zones-zas-zonas-zas,https://geoportal.valencia.es/server/rest/services/OPENDATA/SociedadBienestar/MapServer/5/query?where=1=1&outFields=*&f=json,JSON,equipamientos,equipamientos,equipamientos=salud,Mapa de Zones acústicament saturades.    Font: Geoportal https://geoportal.valencia.es/apps/GeoportalHome/es/inicio/geodatos-abiertos
b490339b-5f15-4e61-bf16-06156028f98a,zones-jocs-infantils-zona-juegos-infantiles,Zones Jocs Infantils,Ajuntament de València,"educacion, sociedad-bienestar",5,GEOJSON|HTML|JSON|KMZ|PBF,2026-02-28,cc-by,https://opendata.vlci.valencia.es/dataset/zones-jocs-infantils-zona-juegos-infantiles,https://geoportal.valencia.es/server/rest/services/OPENDATA/MedioAmbiente/MapServer/166/query?where=1=1&outFields=*&f=json,JSON,equipamientos,equipamientos,equipamientos=educac,Ubicació de parcs infantils i zones de jocs infantils en el municipi de València.    Font: Geoportal https://geoportal.valencia.es/apps/GeoportalHome/es/inicio/geodatos-abiertos
54365c86-5d83-4d84-bf08-4c0f34fc6d47,majors-mayores,Majors,Ajuntament de València,sociedad-bienestar,5,GEOJSON|HTML|JSON|KMZ|PBF,2026-02-23,cc-by,https://opendata.vlci.valencia.es/dataset/majors-mayores,https://geoportal.valencia.es/server/rest/services/OPENDATA/SociedadBienestar/MapServer/24/query?where=1=1&outFields=*&f=json,JSON,equipamientos,"equipamientos,contexto","equipamientos=mayor; contexto=edad,edat",Associacions i centres destinats a la tercera edat.    Font: Geoportal https://geoportal.valencia.es/apps/GeoportalHome/es/inicio/geodatos-abiertos
1d31add2-a9d6-424f-901e-b6c84c4864a4,area-prioridad-residencial,Area Prioritat Residencial,Ajuntament de València,urbanismo-infraestructuras,5,GEOJSON|HTML|JSON|KMZ|PBF,2026-02-13,cc-by,https://opendata.vlci.valencia.es/dataset/area-prioridad-residencial,https://geoportal.valencia.es/server/rest/services/OPENDATA/Trafico/MapServer/1/query?where=1=1&outFields=*&f=json,JSON,equipamientos,"equipamientos,edificacion","equipamientos=residenci; edificacion=edifici,residencial",Conté les àrees georeferenciades demarcades com a Àrea de Prioritat Residencial en el centre de València.    Font: Geoportal https://geoportal.valencia.es/apps/GeoportalHome/es/inicio/geodatos-abiertos
8cd964fb-bcb9-4435-9bcb-6f5eae956ac6,consumo-electrico-2018-2022,Consum elèctric 2018-2022,Ajuntament de València,medio-ambiente,1,XLSX,2026-02-09,cc-by,https://opendata.vlci.valencia.es/dataset/consumo-electrico-2018-2022,https://opendata.vlci.valencia.es/dataset/8cd964fb-bcb9-4435-9bcb-6f5eae956ac6/resource/348afc09-bd15-4d44-9f4a-2a35adaf83bd/download/consumo-electrico-2018-2022.xlsx,XLSX,equipamientos,equipamientos,equipamientos=colegio,"Valor en kiloWatios / hora i en euros del consum d'electricitat a València, desglossat per mesos (de 2018 a 2022) , i també, desglossat en el consumit en col·legis, enllumenat públic i dependències (quantitat d'energia que es necessita importar per a poder proveir-se en forma d'electricitat)."
058cca56-eee6-49fa-ae7a-0ae83cb0de63,is_sct_230307,Número de incidències,Ajuntament de València,,1,CSV,2024-04-29,cc-by,https://opendata.vlci.valencia.es/dataset/is_sct_230307,https://datosbi.vlci.valencia.es/pentaho/plugin/cda/api/doQuery?path=/public/vlci/datosabiertos/movilidad_impulso_vehiculo_electrico.cda&dataAccessId=kpi_vehiculos_electricos&paramkpi=IS_SCT_230307&_TRUST_USER_=publicoda&outputType=csv,CSV,equipamientos,equipamientos,equipamientos=equipament,Número de incidències en equipament registrades en el període desagregades per tipus
5098c2ff-27cf-4b2a-9b58-2f4acf974b4d,arees-escolaritzacio,Àrees Escolarització,Ajuntament de València,educacion,8,CSV|DWG|GEOJSON|GML|KML|SHZ|WFS|WMS,2022-04-13,cc-by,https://opendata.vlci.valencia.es/dataset/arees-escolaritzacio,https://geoportal.valencia.es/server/services/OPENDATA/UrbanismoEInfraestructuras/MapServer/WFSServer?service=WFS&version=1.1.0&request=GetFeature&typename=Àrees_escolarització___Áreas_escolarización,WFS,equipamientos,equipamientos,"equipamientos=educac,escola",Àrees d’escolarització.    * Zona: Àrea d’escolarització.
66be1f3c-2c05-49a9-a2a7-8b8605bf78f9,equipaments-municipales,Equipaments Municipales,Ajuntament de València,"cultura-ocio, sociedad-bienestar",8,CSV|DWG|GEOJSON|GML|KML|SHZ|WFS|WMS,2022-04-11,cc-by,https://opendata.vlci.valencia.es/dataset/equipaments-municipales,https://geoportal.valencia.es/server/services/OPENDATA/SociedadBienestar/MapServer/WFSServer?service=WFS&version=1.1.0&request=GetFeature&typename=Equipamients_municipals___Equipamientos_municipales,WFS,equipamientos,"equipamientos,contexto","equipamientos=equipament,sanitari; contexto=carrer","Equipaments de la ciutat  (infociutat): Biblioteques, Centres juvenils, Centres Socials, Correus, Instal·lacions esportives, Centres educatius, Instal·lacions sanitàries, Mercats, Museos, Oficines Municipals, Policia, Teatres, Restaurantes, Allotjaments, Quioscos venda títols EMT    * Equipamien: No"
b7378509-cdf4-4bf6-9b63-30bbc7da42eb,mapa-soroll-nit-23-7h,Mapa Soroll Nit (23-7h),Ajuntament de València,"medio-ambiente, salud",8,CSV|DWG|GEOJSON|GML|KML|SHZ|WFS|WMS,2022-04-08,cc-by,https://opendata.vlci.valencia.es/dataset/mapa-soroll-nit-23-7h,https://geoportal.valencia.es/server/services/OPENDATA/Salud/MapServer/WFSServer?service=WFS&version=1.1.0&request=GetFeature&typename=Mapa_soroll_nit___Mapa_ruido_noche,WFS,equipamientos,equipamientos,equipamientos=salud,Lnoche: (Índex de soroll nit). Índex de soroll associat a la molèstia durant el període vespertí. Nivell sonor mitjà a llarg termini determinat al llarg de tots els períodes nocturns d’un any (23:00 h.– 07:00 h.)    * Id: Identificador del póligon.  * Gridcode: Codi de nivell del soroll d’1 a 5.
f6d7008e-4be4-43ca-8f61-e9d4f68b91e9,mapa-soroll-dia-7h-19h,Mapa Soroll Dia (7h-19h),Ajuntament de València,"medio-ambiente, salud",8,CSV|DWG|GEOJSON|GML|KML|SHZ|WFS|WMS,2022-04-08,cc-by,https://opendata.vlci.valencia.es/dataset/mapa-soroll-dia-7h-19h,https://geoportal.valencia.es/server/services/OPENDATA/Salud/MapServer/WFSServer?service=WFS&version=1.1.0&request=GetFeature&typename=Mapa_soroll_24h___Mapa_ruido_24h,WFS,equipamientos,equipamientos,equipamientos=salud,Ldia: (Índex de soroll dia). Índex de soroll associat a la molèstia durant el període diürn. Nivell sonor mitjà a llarg termini determinat al llarg de tots els períodes diürns d’un any (07:00 h. – 19:00 h.)     * Id: Identificador del póligon.  * Gridcode: Codi de nivell del soroll d’1 a 5.
5599384b-55fb-4884-bc7b-8c42a1a36647,mapa-soroll-lden-24-h,Mapa Soroll LDen 24 h,Ajuntament de València,"medio-ambiente, salud",8,CSV|DWG|GEOJSON|GML|KML|SHZ|WFS|WMS,2022-04-08,cc-by,https://opendata.vlci.valencia.es/dataset/mapa-soroll-lden-24-h,https://geoportal.valencia.es/server/services/OPENDATA/Salud/MapServer/WFSServer?service=WFS&version=1.1.0&request=GetFeature&typename=Mapa_soroll_dia___Mapa_ruido_día,WFS,equipamientos,equipamientos,"equipamientos=mayor,salud",Lden: (Índex de soroll dia-vesprada-nit). Índex de soroll associat a la molèstia global. Representa un valor mitjà dels tres períodes dia/ vesprada/nit donant major importància als nivells de vesprada i de nit per ser períodes mes sensibles als nivells de soroll.    * Id: Identificador del póligon. 
abdb0ae3-d6e7-4318-a9e8-ed7f972a0346,mapa-soroll-vesprada-19-23h,Mapa Soroll Vesprada (19-23h),Ajuntament de València,"medio-ambiente, salud",8,CSV|DWG|GEOJSON|GML|KML|SHZ|WFS|WMS,2022-04-05,cc-by,https://opendata.vlci.valencia.es/dataset/mapa-soroll-vesprada-19-23h,https://geoportal.valencia.es/server/services/OPENDATA/Salud/MapServer/WFSServer?service=WFS&version=1.1.0&request=GetFeature&typename=Mapa_soroll_vesprada___Mapa_ruido_tarde_,WFS,equipamientos,equipamientos,equipamientos=salud,Ltarde:(Índex de soroll vesprada). Índex de soroll associat a la molèstia durant el període vespertí. Nivell sonor mig a llarg termini determinat al llarg de tots els períodes vespertins d’un any (19:00 h. – 23:00 h.).    * Id: Identificador del póligon.  * Gridcode: Codi de nivell del soroll d’1 a 
86123d64-c767-4ab0-8e2b-446904b89fdc,free-housing-square-meter-price,Habitatge lliure (preu metre quadrat),Ajuntament de València,,3,CSV,2026-04-02,cc-by,https://opendata.vlci.valencia.es/dataset/free-housing-square-meter-price,https://opendata.vlci.valencia.es/dataset/86123d64-c767-4ab0-8e2b-446904b89fdc/resource/21336b01-62d5-4c8f-b94c-4f9a2d005f1b/download/preu_habitatge-val.csv,CSV,edificacion,edificacion,"edificacion=habitatg,vivienda","Preu per metre quadrat dels habitages lliures, a les principals ciutats, a la Comunitat Valenciana i a Espanya"
9397a072-e321-4ba0-8d19-1333ba0de0f5,servicios-e-instalaciones,Mobiliari urbà,Ajuntament de València,urbanismo-infraestructuras,5,GEOJSON|HTML|JSON|KMZ|PBF,2026-03-23,cc-by,https://opendata.vlci.valencia.es/dataset/servicios-e-instalaciones,https://geoportal.valencia.es/server/rest/services/OPENDATA/UrbanismoEInfraestructuras/MapServer/323/query?where=1=1&outFields=*&f=json,JSON,edificacion,edificacion,edificacion=construcci,"Línies tancades que representen el mobiliari urbà superficial que es troba a la ciutat. * Elemento: Tipus d'element. Possibles valors (domini): ESCOCELL, APARCABICIS, ASCENSOR, VIA PUBLICA, BUZON, CASETA, BANC, PARADA BUS, FANAL, FONT, EMBORNAL, JARDINERA, JOCS INFANTILS, QUIOSC, MONUMENT, PAPERERA,"
26bffe17-1a4e-4a9d-b84f-95be5fb2f126,egistro-de-programas-de-actuacion-integrada-registre-de-programes-dactuacio-int,Registre de Programes d'Actuació Integrada,Ajuntament de València,urbanismo-infraestructuras,5,GEOJSON|HTML|JSON|KMZ|PBF,2026-03-23,cc-by,https://opendata.vlci.valencia.es/dataset/egistro-de-programas-de-actuacion-integrada-registre-de-programes-dactuacio-int,https://geoportal.valencia.es/server/rest/services/OPENDATA/UrbanismoEInfraestructuras/MapServer/296/query?where=1=1&outFields=*&f=json,JSON,edificacion,edificacion,"edificacion=catastr,edifici","Informació detallada de cada Programa d'Actuació Integrada, incloent-hi el seu identificador, data de registre, informació de l'agent urbanitzador, descripció, ubicació geogràfica i documents relacionats. Estos documents poden incloure plans, informes tècnics i altres documents relacionats.    Font:"
0b3d0037-5fe3-4029-947a-0cd20ce7dbff,registro-de-programas-de-actuacion-aislada-registre-de-programes-dactuacio-ailla,Registre de Programes d'Actuació Aïllada,Ajuntament de València,urbanismo-infraestructuras,5,GEOJSON|HTML|JSON|KMZ|PBF,2026-03-23,cc-by,https://opendata.vlci.valencia.es/dataset/registro-de-programas-de-actuacion-aislada-registre-de-programes-dactuacio-ailla,https://geoportal.valencia.es/server/rest/services/OPENDATA/UrbanismoEInfraestructuras/MapServer/295/query?where=1=1&outFields=*&f=json,JSON,edificacion,edificacion,edificacion=catastr,Té com a objectiu primordial el solucionar els problemes urbanístics que impedixen l'edificació de parcel·les.    Font: Geoportal https://geoportal.valencia.es/apps/GeoportalHome/es/inicio/geodatos-abiertos    Conjunt de dades d'Alt Valor: Dades Geoespacials
a514a36d-b0fe-4c7c-9869-1f1e80e4d7d1,programas-de-actuacion-integrada-programes-dactuacio-integrada,Programes d'Actuació Integrada,Ajuntament de València,urbanismo-infraestructuras,5,GEOJSON|HTML|JSON|KMZ|PBF,2026-03-23,cc-by,https://opendata.vlci.valencia.es/dataset/programas-de-actuacion-integrada-programes-dactuacio-integrada,https://geoportal.valencia.es/server/rest/services/OPENDATA/UrbanismoEInfraestructuras/MapServer/298/query?where=1=1&outFields=*&f=json,JSON,edificacion,edificacion,"edificacion=catastr,edifici",Contenen les capes d'informació administrativa provinent del servici d'Urbanisme i Infraestructures d'Opendata relacionades amb programes d'actuació integrada per al terme municipal de València.    Font: Geoportal https://geoportal.valencia.es/apps/GeoportalHome/es/inicio/geodatos-abiertos    Conjun
a93f1fed-55b1-419d-a93a-5a2bad95c125,parcelles-cadastrals-rustica-parcelas-catastrales-rustica,Parcel·les cadastrals rústica,Ajuntament de València,urbanismo-infraestructuras,5,GEOJSON|HTML|JSON|KMZ|PBF,2026-03-23,cc-by,https://opendata.vlci.valencia.es/dataset/parcelles-cadastrals-rustica-parcelas-catastrales-rustica,https://geoportal.valencia.es/server/rest/services/OPENDATA/UrbanismoEInfraestructuras/MapServer/213/query?where=1=1&outFields=*&f=json,JSON,edificacion,edificacion,edificacion=catastr,Parcel·les cadastrals rústica.    Font: Geoportal https://geoportal.valencia.es/apps/GeoportalHome/es/inicio/geodatos-abiertos    Conjunt de dades d'Alt Valor: Dades Geoespacials
5a486dce-8591-45bf-925a-b8f81e8aeab8,libro-registro-solares-libre-registre-solars,Llibre Registre Solars,Ajuntament de València,urbanismo-infraestructuras,5,GEOJSON|HTML|JSON|KMZ|PBF,2026-03-23,cc-by,https://opendata.vlci.valencia.es/dataset/libro-registro-solares-libre-registre-solars,https://geoportal.valencia.es/server/rest/services/OPENDATA/UrbanismoEInfraestructuras/MapServer/286/query?where=1=1&outFields=*&f=json,JSON,edificacion,edificacion,"edificacion=catastr,edifici","Conté detalls sobre els solars registrats a València, indicant la seua ubicació, superfície, característiques legals i administratives, així com la seua referència cadastral.    Font: Geoportal https://geoportal.valencia.es/apps/GeoportalHome/es/inicio/geodatos-abiertos    Conjunt de dades d'Alt Val"
3c677170-a396-46f9-b21e-10e7249f7bb5,libro-registro-edificios-llibre-registre-edificis,Llibre Registre Edificis,Ajuntament de València,urbanismo-infraestructuras,5,GEOJSON|HTML|JSON|KMZ|PBF,2026-03-23,cc-by,https://opendata.vlci.valencia.es/dataset/libro-registro-edificios-llibre-registre-edificis,https://geoportal.valencia.es/server/rest/services/OPENDATA/UrbanismoEInfraestructuras/MapServer/294/query?where=1=1&outFields=*&f=json,JSON,edificacion,edificacion,"edificacion=catastr,edifici", Dades sobre edificis públics i solars inscrits en el Registre.    Font: Geoportal https://geoportal.valencia.es/apps/GeoportalHome/es/inicio/geodatos-abiertos    Conjunt de dades d'Alt Valor: Dades Geoespacials
69d302bd-8f13-4b5d-a398-276224b2e61d,illes-amb-dades-de-poblacio-manzanas-con-datos-de-poblacion,Illes,Ajuntament de València,urbanismo-infraestructuras,5,GEOJSON|HTML|JSON|KMZ|PBF,2026-03-23,cc-by,https://opendata.vlci.valencia.es/dataset/illes-amb-dades-de-poblacio-manzanas-con-datos-de-poblacion,https://geoportal.valencia.es/server/rest/services/OPENDATA/UrbanismoEInfraestructuras/MapServer/215/query?where=1=1&outFields=*&f=json,JSON,edificacion,"edificacion,contexto","edificacion=catastr,manzana; contexto=demograf,población",Illes de la ciutat de València.    Font: Geoportal https://geoportal.valencia.es/apps/GeoportalHome/es/inicio/geodatos-abiertos    Conjunt de dades d'Alt Valor: Dades Geoespacials    
8241c45e-ab5f-4dcb-a522-0bf1eda3460f,catalogo-urbano,"Catàleg estructural urbà (BIC, BRL, BC, CH o NHT)",Ajuntament de València,urbanismo-infraestructuras,5,GEOJSON|HTML|JSON|KMZ|PBF,2026-03-20,cc-by,https://opendata.vlci.valencia.es/dataset/catalogo-urbano,https://geoportal.valencia.es/server/rest/services/OPENDATA/UrbanismoEInfraestructuras/MapServer/322/query?where=1=1&outFields=*&f=json,JSON,edificacion,"edificacion,contexto",edificacion=construcci; contexto=barri,"Catàleg de Béns protegits que representa tots aquells béns immobles catalogats d'acord amb la LOTUP. En el catàleg estructural s'inclouen aquells qualificats com BIC, BRL, BC, CH o NHT. Determina aquells elements territorials, espais o béns immobles que, en raó dels seus especials valors culturals, "
2bad0e6a-25b1-48a8-9caf-324c0c0283c8,catalogo-rural-lineas,"Catàleg estructural rural (BIC, BRL, BC, CH o NHT) - línies",Ajuntament de València,urbanismo-infraestructuras,5,GEOJSON|HTML|JSON|KMZ|PBF,2026-03-20,cc-by,https://opendata.vlci.valencia.es/dataset/catalogo-rural-lineas,https://geoportal.valencia.es/server/rest/services/OPENDATA/UrbanismoEInfraestructuras/MapServer/321/query?where=1=1&outFields=*&f=json,JSON,edificacion,"edificacion,contexto",edificacion=construcci; contexto=barri,"Catàleg de Béns protegits que representa tots aquells béns immobles catalogats d'acord amb la LOTUP. En el catàleg estructural s'inclouen aquells qualificats com BIC, BRL, BC, CH o NHT. Determina aquells elements territorials, espais o béns immobles que, en raó dels seus especials valors culturals, "
21069ef9-2dad-4aa0-b008-74404e46e156,catalogo-rural,"Catàleg estructural rural (BIC, BRL, BC, CH o NHT) - àrees",Ajuntament de València,urbanismo-infraestructuras,5,GEOJSON|HTML|JSON|KMZ|PBF,2026-03-20,cc-by,https://opendata.vlci.valencia.es/dataset/catalogo-rural,https://geoportal.valencia.es/server/rest/services/OPENDATA/UrbanismoEInfraestructuras/MapServer/320/query?where=1=1&outFields=*&f=json,JSON,edificacion,"edificacion,contexto",edificacion=construcci; contexto=barri,"Catàleg de Béns protegits que representa tots aquells béns immobles catalogats d'acord amb la LOTUP. En el catàleg estructural s'inclouen aquells qualificats com BIC, BRL, BC, CH o NHT. Determina aquells elements territorials, espais o béns immobles que, en raó dels seus especials valors culturals, "
131dd177-9f09-49ad-b33a-064c2b3cccef,cartografia-base-vorades-bordillos,Cartografia Base Vorades,Ajuntament de València,urbanismo-infraestructuras,5,GEOJSON|HTML|JSON|KMZ|PBF,2026-03-20,cc-by,https://opendata.vlci.valencia.es/dataset/cartografia-base-vorades-bordillos,https://geoportal.valencia.es/server/rest/services/OPENDATA/UrbanismoEInfraestructuras/MapServer/307/query?where=1=1&outFields=*&f=json,JSON,edificacion,edificacion,"edificacion=catastr,edifici","Informació geoespacial sobre vorades en una varietat d'entorns, incloses voreres, estacionaments, vorals, entrades de túnels, camins, carreteres, carrils per a bicicletes, cunetes, esplanades, límits de paviment, creus per als vianants, pontons, ponts, baranes i sendes.    Font: Geoportal https://ge"
7f30ab6d-9547-4248-936f-2ab282fab321,xarxa-topografica-municipal-red-topografica-municipal,Xarxa Topogràfica Municipal,Ajuntament de València,urbanismo-infraestructuras,5,GEOJSON|HTML|JSON|KMZ|PBF,2026-02-28,cc-by,https://opendata.vlci.valencia.es/dataset/xarxa-topografica-municipal-red-topografica-municipal,https://geoportal.valencia.es/server/rest/services/OPENDATA/UrbanismoEInfraestructuras/MapServer/0/query?where=1=1&outFields=*&f=json,JSON,edificacion,edificacion,edificacion=edifici,Xarxa Topogràfica Municipal.    Font: Geoportal https://geoportal.valencia.es/apps/GeoportalHome/es/inicio/geodatos-abiertos  
f1cf4ed3-ebcc-4999-894e-0e08a49cc7ad,vivendes-proteccio-publica-vpp-viviendas-proteccion-publica-vpp,Vivendes Protecció Pública (VPP),Ajuntament de València,urbanismo-infraestructuras,5,GEOJSON|HTML|JSON|KMZ|PBF,2026-02-26,cc-by,https://opendata.vlci.valencia.es/dataset/vivendes-proteccio-publica-vpp-viviendas-proteccion-publica-vpp,https://geoportal.valencia.es/server/rest/services/OPENDATA/UrbanismoEInfraestructuras/MapServer/227/query?where=1=1&outFields=*&f=json,JSON,edificacion,edificacion,"edificacion=edifici,vivienda","Localització de les vivendes de protecció pública, diferenciant les que tenen licència d'obra i les que estàn finalitzades.    Font: Geoportal https://geoportal.valencia.es/apps/GeoportalHome/es/inicio/geodatos-abiertos"
33b89334-085f-4ff2-9613-385405cab287,ruta-del-patrimonio-industrial-del-grao,Ruta del Patrimoni Industrial del Grau,Ajuntament de València,turismo,5,GEOJSON|HTML|JSON|KMZ|PBF,2026-02-25,cc-by,https://opendata.vlci.valencia.es/dataset/ruta-del-patrimonio-industrial-del-grao,https://geoportal.valencia.es/server/rest/services/OPENDATA/Turismo/MapServer/1/query?where=1=1&outFields=*&f=json,JSON,edificacion,edificacion,edificacion=edifici,Ruta del Patrimoni Industrial del Grau.    Font: Geoportal https://geoportal.valencia.es/apps/GeoportalHome/es/inicio/geodatos-abiertos
25de9860-de8b-4ba5-b317-09b5bc99df61,quioscs-premsa-quioscos-prensa,Quioscs premsa,Ajuntament de València,urbanismo-infraestructuras,5,GEOJSON|HTML|JSON|KMZ|PBF,2026-02-24,cc-by,https://opendata.vlci.valencia.es/dataset/quioscs-premsa-quioscos-prensa,https://geoportal.valencia.es/server/rest/services/OPENDATA/UrbanismoEInfraestructuras/MapServer/219/query?where=1=1&outFields=*&f=json,JSON,edificacion,edificacion,edificacion=edifici,"Quioscos en el domini públic municipal destinats a la venda de premsa, revistes i altres articles. Inclou informació sobre la ubicació, la titularitat i el tipus de quiosc.    Font: Geoportal https://geoportal.valencia.es/apps/GeoportalHome/es/inicio/geodatos-abiertos"
b7dfe98a-a12c-4296-8d8c-5c49a4fce7b2,quioscs-flors-quioscos-flores,Quioscs flors,Ajuntament de València,urbanismo-infraestructuras,5,GEOJSON|HTML|JSON|KMZ|PBF,2026-02-24,cc-by,https://opendata.vlci.valencia.es/dataset/quioscs-flors-quioscos-flores,https://geoportal.valencia.es/server/rest/services/OPENDATA/UrbanismoEInfraestructuras/MapServer/220/query?where=1=1&outFields=*&f=json,JSON,edificacion,edificacion,edificacion=edifici,"Quioscos en el domini públic municipal destinats a l'exposició i venda de flors, plantes i llavors. Inclou informació sobre la ubicació, la titularitat i el tipus de quiosc.    Font: Geoportal https://geoportal.valencia.es/apps/GeoportalHome/es/inicio/geodatos-abiertos"
f1b82a0f-2a34-4c1c-a18a-5fdda72a4960,quiosc-once-quiosco-once,Quiosc ONCE,Ajuntament de València,sociedad-bienestar,5,GEOJSON|HTML|JSON|KMZ|PBF,2026-02-24,cc-by,https://opendata.vlci.valencia.es/dataset/quiosc-once-quiosco-once,https://geoportal.valencia.es/server/rest/services/OPENDATA/SociedadBienestar/MapServer/3/query?where=1=1&outFields=*&f=json,JSON,edificacion,edificacion,edificacion=edifici,Quioscos en el domini públic municipal destinats a la venda dels productes que comercialitza l'Organització Nacional de Cecs Espanyols (ONCE).    Font: Geoportal https://geoportal.valencia.es/apps/GeoportalHome/es/inicio/geodatos-abiertos
0f6231ad-2c91-4c3d-98e0-96ae3d91a69c,portals-dels-carrers-portales-de-las-calles,Portals dels carrers,Ajuntament de València,urbanismo-infraestructuras,5,GEOJSON|HTML|JSON|KMZ|PBF,2026-02-24,cc-by,https://opendata.vlci.valencia.es/dataset/portals-dels-carrers-portales-de-las-calles,https://geoportal.valencia.es/server/rest/services/OPENDATA/UrbanismoEInfraestructuras/MapServer/217/query?where=1=1&outFields=*&f=json,JSON,edificacion,"edificacion,contexto",edificacion=edifici; contexto=carrer,Contenen les capes d'informació administrativa provinent del servici d'Urbanisme i Infraestructures d'Opendata referents als portals dels carrers de la ciutat de València.    Font: Geoportal https://geoportal.valencia.es/apps/GeoportalHome/es/inicio/geodatos-abiertos
8ff80866-b867-4423-8c6d-e1a0e1eec435,mupis-ocoval,Mupis OCOVAL,Ajuntament de València,urbanismo-infraestructuras,5,GEOJSON|HTML|JSON|KMZ|PBF,2026-02-23,cc-by,https://opendata.vlci.valencia.es/dataset/mupis-ocoval,https://geoportal.valencia.es/server/rest/services/OPENDATA/UrbanismoEInfraestructuras/MapServer/3/query?where=1=1&outFields=*&f=json,JSON,edificacion,edificacion,edificacion=edifici,Contenen les capes d'informació administrativa provinent del servici d'Urbanisme i Infraestructures d'Opendata referents a suports publicitaris de l'Ordenança de Rases i Tastos.    Font: Geoportal https://geoportal.valencia.es/apps/GeoportalHome/es/inicio/geodatos-abiertos
19b583aa-4423-4658-bdc7-15eb228062c3,monuments-turistics-monumentos-turisticos,Monuments turístics,Ajuntament de València,turismo,5,GEOJSON|HTML|JSON|KMZ|PBF,2026-02-23,cc-by,https://opendata.vlci.valencia.es/dataset/monuments-turistics-monumentos-turisticos,https://geoportal.valencia.es/server/rest/services/OPENDATA/Turismo/MapServer/202/query?where=1=1&outFields=*&f=json,JSON,edificacion,edificacion,edificacion=edifici,Localització dels monuments turístics més importants de la ciutat.    Font: Geoportal https://geoportal.valencia.es/apps/GeoportalHome/es/inicio/geodatos-abiertos    
2d6b7bd4-a807-49ab-89d6-432370c2d6fa,pilons-extraibles-bolardos-extraibles,Pilons extraïbles,Ajuntament de València,transporte,5,GEOJSON|HTML|JSON|KMZ|PBF,2026-02-19,cc-by,https://opendata.vlci.valencia.es/dataset/pilons-extraibles-bolardos-extraibles,https://geoportal.valencia.es/server/rest/services/OPENDATA/Trafico/MapServer/215/query?where=1=1&outFields=*&f=json,JSON,edificacion,edificacion,edificacion=edifici,Ubicació de pilons extraïbles.    Font: Geoportal https://geoportal.valencia.es/apps/GeoportalHome/es/inicio/geodatos-abiertos  
8339e606-6714-4cab-97de-b2b93d4c8f5d,estacionament-nocturn-permes-bus-estacionamiento-nocturno-permitido-bus,Estacionament Nocturn Permés BUS,Ajuntament de València,"transporte, urbanismo-infraestructuras",5,GEOJSON|HTML|JSON|KMZ|PBF,2026-02-17,cc-by,https://opendata.vlci.valencia.es/dataset/estacionament-nocturn-permes-bus-estacionamiento-nocturno-permitido-bus,https://geoportal.valencia.es/server/rest/services/OPENDATA/Trafico/MapServer/213/query?where=1=1&outFields=*&f=json,JSON,edificacion,edificacion,edificacion=edifici,Informació geogràfica de l'estacionament nocturn permés per als busos.    Font: Geoportal https://geoportal.valencia.es/apps/GeoportalHome/es/inicio/geodatos-abiertos    
316d277d-4259-4e16-ae67-8c1a34264671,edificaciones-industriales,Edificacions Industrials,Ajuntament de València,urbanismo-infraestructuras,5,GEOJSON|HTML|JSON|KMZ|PBF,2026-02-17,cc-by,https://opendata.vlci.valencia.es/dataset/edificaciones-industriales,https://geoportal.valencia.es/server/rest/services/OPENDATA/Turismo/MapServer/218/query?where=1=1&outFields=*&f=json,JSON,edificacion,edificacion,edificacion=edifici,Edificacions Industrials.    Font: Geoportal https://geoportal.valencia.es/apps/GeoportalHome/es/inicio/geodatos-abiertos    
67810a3e-6658-41dd-8c0c-9a0f1055eeff,ambitos-de-fomento-de-la-edificacion-ambits-de-foment-de-ledificacio,Àmbits de Foment de l'Edificació,Ajuntament de València,urbanismo-infraestructuras,5,GEOJSON|HTML|JSON|KMZ|PBF,2026-02-12,cc-by,https://opendata.vlci.valencia.es/dataset/ambitos-de-fomento-de-la-edificacion-ambits-de-foment-de-ledificacio,https://geoportal.valencia.es/server/rest/services/OPENDATA/UrbanismoEInfraestructuras/MapServer/299/query?where=1=1&outFields=*&f=json,JSON,edificacion,edificacion,edificacion=edifici,Informació geogràfica referent a l'àmbit de foment de l'edificació. Representa les zones de la ciutat de València en les quals es fomenta l'edificació.    Font: Geoportal https://geoportal.valencia.es/apps/GeoportalHome/es/inicio/geodatos-abiertos      
35163509-16c8-450f-9a69-2ef72cc886e0,textos-dels-portals-dels-carrers,Textos dels portals dels carrers,Ajuntament de València,urbanismo-infraestructuras,8,CSV|DWG|GEOJSON|GML|KML|SHZ|WFS|WMS,2022-10-25,cc-by,https://opendata.vlci.valencia.es/dataset/textos-dels-portals-dels-carrers,https://geoportal.valencia.es/server/services/OPENDATA/UrbanismoEInfraestructuras/MapServer/WFSServer?service=WFS&version=1.1.0&request=GetFeature&typename=Portals_dels_carrers___Portales_de_las_calles,WFS,edificacion,"edificacion,contexto",edificacion=altura; contexto=carrer,TIdentificació dels números de Policia.    * Codvia: Codi de la via.  * Numportal: Número de portal  * Dupli_trip: Duplicat o triplicat.  * Accesorio: Accessori.  * Descripcio: Descripció del número de portal.  * Altura: Altura de representació en plans.  * Angulo: Angle de representació en plans.
14d21a38-3ad7-4e2b-a6bd-b638f1c9baee,parcel-les-cadastrals-de-rustica-amb-fitxa-urbanistica,Parcel·les cadastrals de rústica amb fitxa urbanística,Ajuntament de València,urbanismo-infraestructuras,8,CSV|DWG|GEOJSON|GML|KML|SHZ|WFS|WMS,2022-04-19,cc-by,https://opendata.vlci.valencia.es/dataset/parcel-les-cadastrals-de-rustica-amb-fitxa-urbanistica,https://geoportal.valencia.es/server/services/OPENDATA/UrbanismoEInfraestructuras/MapServer/WMSServer?service=WMS&version=1.3.0&request=GetCapabilities,WMS,edificacion,edificacion,edificacion=catastr,Parcel·les cadastrals de rustica amb fitxa urbanística.    * Poligono: Polígon cadastral.  * Parcela: Parcel·la cadastral.  * Refparcela: Referència cadastral.  * url: URL d’accés a la fitxa de cadastre.  * ficha_es: fitxa de circumstàncies urbanístiques en castellà   * ficha_va:fitxa de circumstànc
26b1d9ab-4359-4c8b-9dc8-c2e0d9661460,parcel-les-cadastrals-d-urbana-amb-fitxa-urbanistica,Parcel·les cadastrals d’urbana amb fitxa urbanística,Ajuntament de València,urbanismo-infraestructuras,8,CSV|DWG|GEOJSON|GML|KML|SHZ|WFS|WMS,2022-04-11,cc-by,https://opendata.vlci.valencia.es/dataset/parcel-les-cadastrals-d-urbana-amb-fitxa-urbanistica,https://geoportal.valencia.es/server/services/OPENDATA/UrbanismoEInfraestructuras/MapServer/WMSServer?service=WMS&version=1.3.0&request=GetCapabilities,WMS,edificacion,edificacion,"edificacion=catastr,construcci,manzana",Parcel·les cadastrals d’urbana amb fitxa urbanística.    * Refman: referència illa de cases cadastral.  * Refpla: Referència de pla cadastral.  * Codvia: Codi de la via.  * Npol: Número de portal.  * Dupli: Duplicat  * Contrucci: Any de construcció.  * antigüedad. Antiguitat  * Reforma: Any de la re
77147c20-74b1-461d-84ca-ea40c66a98fa,illa-de-cases-cadastrals-amb-dades-de-poblacio,Illa de cases cadastrals amb dades de població,Ajuntament de València,urbanismo-infraestructuras,8,CSV|DWG|GEOJSON|GML|KML|SHZ|WFS|WMS,2022-04-05,cc-by,https://opendata.vlci.valencia.es/dataset/illa-de-cases-cadastrals-amb-dades-de-poblacio,https://geoportal.valencia.es/server/services/OPENDATA/UrbanismoEInfraestructuras/MapServer/WFSServer?service=WFS&version=1.1.0&request=GetFeature&typename=Manzanas,WFS,edificacion,"edificacion,contexto","edificacion=catastr,manzana; contexto=edad,edat,poblacio,població,población","Illa de cases cadastrals amb dades de població agrupats per edats 0-14,15-65, més 66 i total    * Pob_0_14: Població compresa entre els 0 i 14 anys.  * Pob_15_65:Població compresa entre els 15 i 65 anys.  * Pob_66_mas:Població amb mes de 66 anys.  * Pob_total:Població total."
dfb61c95-8f04-4228-b075-1ff49a1e3de7,pgou-alineacions,PGOU - Alineacions,Ajuntament de València,urbanismo-infraestructuras,8,CSV|DWG|GEOJSON|GML|KML|SHZ|WFS|WMS,2022-04-01,cc-by,https://opendata.vlci.valencia.es/dataset/pgou-alineacions,https://geoportal.valencia.es/server/services/OPENDATA/UrbanismoEInfraestructuras/MapServer/WFSServer?service=WFS&version=1.1.0&request=GetFeature&typename=PGOU_-_Alineacions___PGOU_-_Alineaciones,WFS,edificacion,edificacion,edificacion=altura,Alineacions del Pla General d’Ordenació Urbana    * Altura: Altura del PGOU  * Protec: Nivel de protección.  * 
61776145-c8fb-4613-9798-63ce5a30d116,llistat-dels-carrers,Llistat dels carrers,Ajuntament de València,urbanismo-infraestructuras,1,CSV,2021-09-03,cc-by,https://opendata.vlci.valencia.es/dataset/llistat-dels-carrers,https://mapas.valencia.es/lanzadera/opendata/vias/csv,CSV,edificacion,"edificacion,contexto",edificacion=catastr; contexto=carrer,Llistats dels carrers del terme municipal de València.    * Codtipovia: Tipus de la via.  * Codvia : Codi de la via.  * Codviacatastro: Codi de la via per al cadastre.  * Nomoficial: Nom de la via.  * Traducnooficial: Traducció de la via.
fb56e963-19bf-4818-94c6-7f626f7383fa,total-castellano,Queixes i Suggeriments,Ajuntament de València,sector-publico,1,CSV,2026-04-28,cc-by,https://opendata.vlci.valencia.es/dataset/total-castellano,https://opendata.vlci.valencia.es/dataset/fb56e963-19bf-4818-94c6-7f626f7383fa/resource/b57d263a-867f-44c5-aeb9-3a1b301a368b/download/anual-castellano-ods.csv,CSV,contexto,contexto,contexto=barri,"Reflecteix una recopilació de dades sobre les queixes i suggeriments presentats a l'Ajuntament de València, classificades per districtes i barris, i a partir del 16 de gener de 2020"
67cfd480-619f-4486-ba13-491533b2b92e,t251234-daily,"Dades diàries del sensor de soroll ubicat al barri de Russafa, en el carrer Capellà Femenía, 14",Ajuntament de València,medio-ambiente,1,CSV,2026-04-21,cc-by,https://opendata.vlci.valencia.es/dataset/t251234-daily,https://datosbi.vlci.valencia.es/pentaho/plugin/cda/api/doQuery?path=/public/vlci/datosabiertos/calidadambiental_sonometros_ruzafa_diarios.cda&dataAccessId=sqlSonometrosRuzafaDaily&paramid=T251234-daily&outputType=CSV&_TRUST_USER_=publicoda,CSV,contexto,contexto,"contexto=barri,carrer","Dades diàries del sensor de soroll ubicat al barri de Russafa i en concret en el carrer Capellà Femenía, 14 (T251234). La seua ubicació exacta és: 39.46227, -0.3732538.    A continuació s'explica cadascuna de les columnes del recurs.    * RecvTime: Dada proporcionat per la plataforma de ciutat VLCi."
717f0a6a-98de-4d82-a21c-c7e769a7e884,relacio-de-drets-reals,Relació de drets reals,Ajuntament de València,"economia, hacienda, sector-publico",1,CSV,2026-04-01,cc-by,https://opendata.vlci.valencia.es/dataset/relacio-de-drets-reals,https://opendata.vlci.valencia.es/dataset/717f0a6a-98de-4d82-a21c-c7e769a7e884/resource/1adbade4-7749-462b-a498-817591c251fc/download/relacion-derechos-reales.csv,CSV,contexto,contexto,"contexto=barri,carrer","Relació de tots els Drets reals de titularitat municipal que es troben inventariats en data l’última rectificació aprovada (el 31 de desembre de 2015), organitzats per Districtes, i dins dels mateixos per Epígraf/Relació/número d’orde, amb expressió de la seua denominació, emplaçament i barri de sit"
8e2481b0-fbba-4796-b0f8-8fe6f0317345,relacio-de-bens-immobles,Relació de béns immobles,Ajuntament de València,"economia, hacienda, sector-publico",1,CSV,2026-04-01,cc-by,https://opendata.vlci.valencia.es/dataset/relacio-de-bens-immobles,https://opendata.vlci.valencia.es/dataset/8e2481b0-fbba-4796-b0f8-8fe6f0317345/resource/62f26f91-2726-4cdf-91e9-1455e04f51f6/download/relacion_bienes_inmuebles.csv,CSV,contexto,contexto,"contexto=barri,carrer","Relació de tots els béns immobles de titularitat municipal que es troben inventariats en data l’última rectificació aprovada (el 31 de desembre de 2015), organitzats per Districtes, i dins dels mateixos per Epígraf/Relació/número d’orde, amb expressió de la seua denominació, emplaçament i barri de s"
f94550e7-4617-4324-b1ad-6eea05c122d6,car-parks-by-districts-neighborhoods,Aparcaments per districtes-barris,Ajuntament de València,transporte,3,CSV,2026-04-01,cc-by,https://opendata.vlci.valencia.es/dataset/car-parks-by-districts-neighborhoods,https://opendata.vlci.valencia.es/dataset/f94550e7-4617-4324-b1ad-6eea05c122d6/resource/aaac319b-9f92-4ecb-8e77-df039c63a8c8/download/aparcamientos-por-distritos-barrios-val.csv,CSV,contexto,contexto,"contexto=barri,edad,edat","Dades dels diferents tipus i nombre de places d'aparcament i habitants a la ciutat de València, desagregats per districtes i barris.    Paràmetres: Número places aparcament per barris i districtes, habitants per barris, habitants per districtes, habitants per franja d'edat i districtes, turismes per"
98919bfe-f957-4287-8832-0101b7657474,divisio-de-les-seccions-censals-de-la-ciutat,Divisió de les seccions censals de la ciutat,Ajuntament de València,urbanismo-infraestructuras,8,CSV|DWG|GEOJSON|GML|KML|SHZ|WFS|WMS,2026-04-01,cc-by,https://opendata.vlci.valencia.es/dataset/divisio-de-les-seccions-censals-de-la-ciutat,https://geoportal.valencia.es/server/services/OPENDATA/UrbanismoEInfraestructuras/MapServer/WFSServer?service=WFS&version=1.1.0&request=GetFeature&typename=Seccions_censals___Secciones_censales,WFS,contexto,contexto,"contexto=barri,població,población",Les Seccions Censals tenen un nombre màxim de població i diverses Seccions Censals formen un Barri.    * Coddistrit: Codi de districte.  * Codsec: Codi de la secció.  * Coddistsec : Codi del districte i la secció.
545c693b-d579-4d38-861e-6e5a0056e33e,vias,Vies,Ajuntament de València,transporte,5,GEOJSON|HTML|JSON|KMZ|PBF,2026-03-23,cc-by,https://opendata.vlci.valencia.es/dataset/vias,https://geoportal.valencia.es/server/rest/services/OPENDATA/UrbanismoEInfraestructuras/MapServer/273/query?where=1=1&outFields=*&f=json,JSON,contexto,contexto,contexto=carrer,"Conté la capa de Geoportal referent a les vies de circulació de València.    Font: Geoportal https://geoportal.valencia.es/apps/GeoportalHome/es/inicio/geodatos-abiertos    Conjunt de dades d'Alt Valor: Dades de Mobilitat, Dades Geoespacials    "
83bf59a2-ce6a-4c70-924d-e7b9eeb357e0,valenbisi-disponibilitat-valenbisi-dsiponibilidad,ValenBisi Disponibilitat,Ajuntament de València,transporte,5,GEOJSON|HTML|JSON|KMZ|PBF,2026-03-23,cc-by,https://opendata.vlci.valencia.es/dataset/valenbisi-disponibilitat-valenbisi-dsiponibilidad,https://geoportal.valencia.es/server/rest/services/OPENDATA/Trafico/MapServer/228/query?where=1=1&outFields=*&f=json,JSON,contexto,contexto,contexto=carrer,"Estacions de lloguer de bicicletes Valenbisi. Este dataset inclou la seua localització i les places amb les quals compta cada una, incloent-hi les places disponibles i ocupades. S'actualitza cada 10 minuts. * Direccion: Carrer on es troba l'estació de valenbisi. * Numero: Número del portal on se sit"
42090ea7-b3fa-4399-a2ac-50a963b0b681,guals-vados,Guals,Ajuntament de València,transporte,5,GEOJSON|HTML|JSON|KMZ|PBF,2026-03-23,cc-by,https://opendata.vlci.valencia.es/dataset/guals-vados,https://geoportal.valencia.es/server/rest/services/OPENDATA/Trafico/MapServer/179/query?where=1=1&outFields=*&f=json,JSON,contexto,contexto,contexto=carrer,Dades geogràfiques sobre la localització dels guals. * Numplaca: Nombre de llicència de la placa. * Codactivid: Codi de l’activitat. * Codvia: Codi del carrer. * data_alta: Data d’Alta. * Numplazas: Nombre de places. * Numpol: Nombre de policia. * Carrer: Descripció del carrer i nombre.    Font: Geo
b577bb7e-c935-413e-84e9-460b890bfa9d,eixos-de-carrer-ejes-de-calle,Eixos de carrer,Ajuntament de València,urbanismo-infraestructuras,5,GEOJSON|HTML|JSON|KMZ|PBF,2026-03-20,cc-by,https://opendata.vlci.valencia.es/dataset/eixos-de-carrer-ejes-de-calle,https://geoportal.valencia.es/server/rest/services/OPENDATA/UrbanismoEInfraestructuras/MapServer/223/query?where=1=1&outFields=*&f=json,JSON,contexto,contexto,contexto=carrer,"Contenen les capes d'informació administrativa provinent del servici d'Urbanisme i Infraestructures de Opendata referents a eixos de carrer.    Font: Geoportal https://geoportal.valencia.es/apps/GeoportalHome/es/inicio/geodatos-abiertos    Conjunt de dades d'Alt Valor: Dades de Mobilitat, Dades Geoe"
b305b731-7123-42d9-ae9f-8878a906f825,barris-barrios,Barris,Ajuntament de València,urbanismo-infraestructuras,5,GEOJSON|HTML|JSON|KMZ|PBF,2026-03-20,cc-by,https://opendata.vlci.valencia.es/dataset/barris-barrios,https://geoportal.valencia.es/server/rest/services/OPENDATA/UrbanismoEInfraestructuras/MapServer/224/query?where=1=1&outFields=*&f=json,JSON,contexto,contexto,contexto=barri,Contenen les capes d'informació administrativa provinent del servici d'Urbanisme i Infraestructures d'Opendata referents a barris.    Font: Geoportal https://geoportal.valencia.es/apps/GeoportalHome/es/inicio/geodatos-abiertos    Conjunt de dades d'Alt Valor: Dades Geoespacials  
a4c61807-9c48-4e6d-82d0-81d9fa697a78,aparcament-per-a-motos-aparcamiento-para-motos,Aparcament per a motos,Ajuntament de València,transporte,5,DBASE|GEOJSON|HTML|JSON|KMZ,2026-03-20,cc-by,https://opendata.vlci.valencia.es/dataset/aparcament-per-a-motos-aparcamiento-para-motos,https://geoportal.valencia.es/server/rest/services/OPENDATA/Trafico/MapServer/195/query?where=1=1&outFields=*&f=json,JSON,contexto,contexto,contexto=carrer,Dades geogràfiques sobre la localització dels aparcaments per a motos. * Calle: Descripció del carrer on es troba la zona d’aparcament per a motos.    Font: Geoportal https://geoportal.valencia.es/apps/GeoportalHome/es/inicio/geodatos-abiertos  
4ccedafd-4055-4cef-aaed-91390b00a131,apoyo-propuestas-decidimvlc,Recolzaments propostes DecidimVLC,Ajuntament de València,sector-publico,1,CSV,2026-03-19,cc-by,https://opendata.vlci.valencia.es/dataset/apoyo-propuestas-decidimvlc,https://opendata.vlci.valencia.es/dataset/4ccedafd-4055-4cef-aaed-91390b00a131/resource/87a0dbdf-bc65-469e-8552-c75d333e6372/download/apoyo-propuestas-decidimvlc.csv,CSV,contexto,contexto,contexto=barri,"El conjunt de dades inclou informació sobre els suports de la ciutadania als projectes de les set edicions dels pressupostos participatius DecidimVLC (2015/2016–2022/2023), un procés que ha tingut com a objectiu implicar els residents de València en la presa de decisions mitjançant fases de proposte"
3dda00fd-10bf-4725-b35d-0202281cb50f,recibos-vados-2020-2025,Rebuts guals 2020 - 2025,Ajuntament de València,"hacienda, transporte",1,CSV,2026-03-16,cc-by,https://opendata.vlci.valencia.es/dataset/recibos-vados-2020-2025,https://opendata.vlci.valencia.es/dataset/3dda00fd-10bf-4725-b35d-0202281cb50f/resource/9b53718d-2bf7-473c-89f3-7ba619b8f5d9/download/recibos-vados-2020-2025.csv,CSV,contexto,contexto,contexto=barri,"Número, per districte i barri, de rebuts i import classificats segons la personalitat jurídica "
876f5805-8b54-47f7-87d7-fbeb5ac38230,dataset_ivtm_2020-2025-cas,Rebuts IVTM 2020 al 2025,Ajuntament de València,"hacienda, transporte",1,CSV,2026-03-16,cc-by,https://opendata.vlci.valencia.es/dataset/dataset_ivtm_2020-2025-cas,https://opendata.vlci.valencia.es/dataset/876f5805-8b54-47f7-87d7-fbeb5ac38230/resource/7fc06232-c992-4886-8a83-df1f8e830344/download/dataset_ivtm_2020-2025-cas.csv,CSV,contexto,contexto,contexto=barri,"Nombre de rebuts i import classificats per districte i barri, per personalitat jurídica i per tipus de vehicle"
33f175fc-b444-41d0-9111-9ccebc4e4cf7,recibos-mesas-y-sillas-2020-2025,Rebuts taules i cadires 2020 - 2025,Ajuntament de València,hacienda,1,CSV,2026-03-16,cc-by,https://opendata.vlci.valencia.es/dataset/recibos-mesas-y-sillas-2020-2025,https://opendata.vlci.valencia.es/dataset/33f175fc-b444-41d0-9111-9ccebc4e4cf7/resource/a2656f3e-c9a3-4d4c-a1a4-7ee300e33999/download/recibos-mesas-y-sillas-2020-2025.csv,CSV,contexto,contexto,contexto=barri,"Nombre de rebuts i import, classificats per barris i personalitat jurídica, dels anys 2020 al 2025 No s'inclou l'any 2021 al no haver-se concedit matrícules per la pandèmia de la COVID"
1c661538-ddc3-4558-82b4-eac59c14cd05,recibos-ibi-2020-2025,Rebuts IBI 2021 - 2025,Ajuntament de València,sector-publico,1,CSV,2026-03-16,cc-by,https://opendata.vlci.valencia.es/dataset/recibos-ibi-2020-2025,https://opendata.vlci.valencia.es/dataset/1c661538-ddc3-4558-82b4-eac59c14cd05/resource/3ffd0260-5da4-4368-9ac6-053ddbc3af6b/download/recibos-ibi-2020-2025.csv,CSV,contexto,contexto,contexto=barri,Número i import del rebuts de l'Impost de Béns Immobles per districte i barri i segons la personalitat jurídica i el tipus d'activitat
573817da-39bd-4982-bb04-b5445027a278,recibos_iae_2020-2025,Rebuts IAE 2020-2025,Ajuntament de València,sector-publico,1,CSV,2026-03-16,cc-by,https://opendata.vlci.valencia.es/dataset/recibos_iae_2020-2025,https://opendata.vlci.valencia.es/dataset/573817da-39bd-4982-bb04-b5445027a278/resource/f9bdd60c-0fb8-4ed4-8d77-6c22a89e3e33/download/recibos_iae_2020-2025.csv,CSV,contexto,contexto,contexto=barri,"Nombre de rebuts i import de l'impost d'activitats econòmiques per districte i barri. Classificats per any, personalitat jurídica i tipus d'activitat"
cd1af774-f146-4087-b13d-c254a41b9623,seccions-censals-secciones-censales,Seccions censals,Ajuntament de València,urbanismo-infraestructuras,5,GEOJSON|HTML|JSON|KMZ|PBF,2026-02-25,cc-by,https://opendata.vlci.valencia.es/dataset/seccions-censals-secciones-censales,https://geoportal.valencia.es/server/rest/services/OPENDATA/UrbanismoEInfraestructuras/MapServer/210/query?where=1=1&outFields=*&f=json,JSON,contexto,contexto,"contexto=barri,demograf,població,población",Les Seccions Censals tenen un nombre màxim de població i diverses Seccions Censals formen un Barri.  * Coddistrit: Codi de districte. * Codsec: Codi de la secció. * Coddistsec : Codi del districte i la secció.    Font: Geoportal https://geoportal.valencia.es/apps/GeoportalHome/es/inicio/geodatos-abi
c8a4573c-64cb-4219-a129-e39e9f3c5b06,rutas-turismo-barrio,Rutes Turisme Barri,Ajuntament de València,turismo,5,GEOJSON|HTML|JSON|KMZ|PBF,2026-02-25,cc-by,https://opendata.vlci.valencia.es/dataset/rutas-turismo-barrio,https://geoportal.valencia.es/server/rest/services/OPENDATA/Turismo/MapServer/225/query?where=1=1&outFields=*&f=json,JSON,contexto,contexto,contexto=barri,"Localització dels recursos turístics dels barris desenrotllats pel programa turisme de barris, així com la ruta a través d'estos recursos.    Font: Geoportal https://geoportal.valencia.es/apps/GeoportalHome/es/inicio/geodatos-abiertos        "
4a400635-33ad-4353-9429-75595c8b330f,barris-policials-barrios-policiales,Barris Policials,Ajuntament de València,seguridad,5,GEOJSON|HTML|JSON|KMZ|PBF,2026-02-13,cc-by,https://opendata.vlci.valencia.es/dataset/barris-policials-barrios-policiales,https://geoportal.valencia.es/server/rest/services/OPENDATA/UrbanismoEInfraestructuras/MapServer/267/query?where=1=1&outFields=*&f=json,JSON,contexto,contexto,contexto=barri,Contenen les capes d'informació administrativa provinent del servici d'Urbanisme i Infraestructures d'Opendata referents a barris policials.    Font: Geoportal https://geoportal.valencia.es/apps/GeoportalHome/es/inicio/geodatos-abiertos  
284ab9fd-f5de-4650-b084-daca87761bd3,ambit-servicis-socials-ambito-servicios-sociales,Àmbit territorial servicis socials,Ajuntament de València,sociedad-bienestar,5,GEOJSON|HTML|JSON|KMZ|PBF,2026-02-12,cc-by,https://opendata.vlci.valencia.es/dataset/ambit-servicis-socials-ambito-servicios-sociales,https://geoportal.valencia.es/server/rest/services/OPENDATA/SociedadBienestar/MapServer/0/query?where=1=1&outFields=*&f=json,JSON,contexto,contexto,contexto=barri,Els servicis socials de l’Ajuntament de València atenen amb un àmbit geogràfic (districte i barri). El mapa mostra les zones d’actuació dels  Centres Municipals de Servicis Socials.    Font: Geoportal https://geoportal.valencia.es/apps/GeoportalHome/es/inicio/geodatos-abiertos
356d056f-f16c-4819-8d0a-e19e1dc54702,t248652-daily,"Dades diàries del sensor de soroll ubicat al barri de Russafa, en el carrer Sueca, amb carrer Dénia",Ajuntament de València,medio-ambiente,1,CSV,2025-05-20,cc-by,https://opendata.vlci.valencia.es/dataset/t248652-daily,https://datosbi.vlci.valencia.es/pentaho/plugin/cda/api/doQuery?path=/public/vlci/datosabiertos/calidadambiental_sonometros_ruzafa_diarios.cda&dataAccessId=sqlSonometrosRuzafaDaily&paramid=T248652-daily&outputType=CSV&_TRUST_USER_=publicoda,CSV,contexto,contexto,"contexto=barri,carrer","Dades diàries del sensor de soroll ubicat al barri de Russafa i en concret en el carrer Sueca, amb carrer Dénia (T248652). La seua ubicació exacta és: 39.4628376, -0.37588849999997365.    A continuació s'explica cadascuna de les columnes del recurs.    * RecvTime: Dada proporcionat per la plataforma"
d53db684-17fe-44b0-af94-ff13bdaa3760,t248671-daily,"Dades diàries del sensor de soroll ubicat al barri de Russafa, en el carrer Cadis, 16",Ajuntament de València,medio-ambiente,1,CSV,2025-05-20,cc-by,https://opendata.vlci.valencia.es/dataset/t248671-daily,https://datosbi.vlci.valencia.es/pentaho/plugin/cda/api/doQuery?path=/public/vlci/datosabiertos/calidadambiental_sonometros_ruzafa_diarios.cda&dataAccessId=sqlSonometrosRuzafaDaily&paramid=T248671-daily&outputType=CSV&_TRUST_USER_=publicoda,CSV,contexto,contexto,"contexto=barri,carrer","Dades diàries del sensor de soroll ubicat al barri de Russafa i en concret en el carrer Cadis, 16 (T248671). La seua ubicació exacta és: 39.4631424, -0.3746647000000394.    A continuació s'explica cadascuna de les columnes del recurs.    * RecvTime: Dada proporcionat per la plataforma de ciutat VLCi"
17dbcad8-42dc-4290-828f-f206075f92b9,t248655-daily,"Dades diàries del sensor de soroll ubicat al barri de Russafa, en el carrer Cadis, 3",Ajuntament de València,medio-ambiente,1,CSV,2025-05-20,cc-by,https://opendata.vlci.valencia.es/dataset/t248655-daily,https://datosbi.vlci.valencia.es/pentaho/plugin/cda/api/doQuery?path=/public/vlci/datosabiertos/calidadambiental_sonometros_ruzafa_diarios.cda&dataAccessId=sqlSonometrosRuzafaDaily&paramid=T248655-daily&outputType=CSV&_TRUST_USER_=publicoda,CSV,contexto,contexto,"contexto=barri,carrer","Dades diàries del sensor de soroll ubicat al barri de Russafa i en concret en el carrer Cadis, 3 (T248655). La seua ubicació exacta és: 39.4640447, -0.3750515000000405.    A continuació s'explica cadascuna de les columnes del recurs.    * RecvTime: Dada proporcionat per la plataforma de ciutat VLCi."
a3b1a786-c154-4e4d-a341-3e3e7aeb7248,t248682-daily,"Dades diàries del sensor de soroll ubicat al barri de Russafa, en el carrer Cuba, 3",Ajuntament de València,medio-ambiente,1,CSV,2025-05-20,cc-by,https://opendata.vlci.valencia.es/dataset/t248682-daily,https://datosbi.vlci.valencia.es/pentaho/plugin/cda/api/doQuery?path=/public/vlci/datosabiertos/calidadambiental_sonometros_ruzafa_diarios.cda&dataAccessId=sqlSonometrosRuzafaDaily&paramid=T248682-daily&outputType=CSV&_TRUST_USER_=publicoda,CSV,contexto,contexto,"contexto=barri,carrer","Dades diàries del sensor de soroll ubicat al barri de Russafa i en concret en el carrer Cuba, 3 (T248682). La seua ubicació exacta és: 39.4628861, -0.3775977000000239.    A continuació s'explica cadascuna de les columnes del recurs.    * RecvTime: Dada proporcionat per la plataforma de ciutat VLCi. "
3574a921-7320-4560-a471-5ce11abbac8f,t248683-daily,"Dades diàries del sensor de soroll ubicat al barri de Russafa, en el carrer Sueca, 2",Ajuntament de València,medio-ambiente,1,CSV,2025-05-20,cc-by,https://opendata.vlci.valencia.es/dataset/t248683-daily,https://datosbi.vlci.valencia.es/pentaho/plugin/cda/api/doQuery?path=/public/vlci/datosabiertos/calidadambiental_sonometros_ruzafa_diarios.cda&dataAccessId=sqlSonometrosRuzafaDaily&paramid=T248683-daily&outputType=CSV&_TRUST_USER_=publicoda,CSV,contexto,contexto,"contexto=barri,carrer","Dades diàries del sensor de soroll ubicat al barri de Russafa i en concret en el carrer Sueca, 2 (T248683). La seua ubicació exacta és: 39.4633107, -0.3766378000000259.    A continuació s'explica cadascuna de les columnes del recurs.    * RecvTime: Dada proporcionat per la plataforma de ciutat VLCi."
f5ce9865-05c6-4d05-9deb-287bdbec92a3,t248684-daily,"Dades diàries del sensor de soroll ubicat al barri de Russafa, en el carrer Sueca, 61",Ajuntament de València,medio-ambiente,1,CSV,2025-05-20,cc-by,https://opendata.vlci.valencia.es/dataset/t248684-daily,https://datosbi.vlci.valencia.es/pentaho/plugin/cda/api/doQuery?path=/public/vlci/datosabiertos/calidadambiental_sonometros_ruzafa_diarios.cda&dataAccessId=sqlSonometrosRuzafaDaily&paramid=T248684-daily&outputType=CSV&_TRUST_USER_=publicoda,CSV,contexto,contexto,"contexto=barri,carrer","Dades diàries del sensor de soroll ubicat al barri de Russafa i en concret en el carrer Sueca, 61 (T248684). La seua ubicació exacta és: 39.4605601, -0.37411520000000564.    A continuació s'explica cadascuna de les columnes del recurs.    * RecvTime: Dada proporcionat per la plataforma de ciutat VLC"
d9bbf318-cc7f-4841-b761-37bba9fda91b,t248680-daily,"Dades diàries del sensor de soroll ubicat al barri de Russafa, en el carrer Sueca, 32",Ajuntament de València,medio-ambiente,1,CSV,2025-05-20,cc-by,https://opendata.vlci.valencia.es/dataset/t248680-daily,https://datosbi.vlci.valencia.es/pentaho/plugin/cda/api/doQuery?path=/public/vlci/datosabiertos/calidadambiental_sonometros_ruzafa_diarios.cda&dataAccessId=sqlSonometrosRuzafaDaily&paramid=T248680-daily&outputType=CSV&_TRUST_USER_=publicoda,CSV,contexto,contexto,"contexto=barri,carrer","Dades diàries del sensor de soroll ubicat al barri de Russafa i en concret en el carrer Sueca, 32 (T248680). La seua ubicació exacta és: 39.4613594, -0.37514680000003864.    A continuació s'explica cadascuna de les columnes del recurs.    * RecvTime: Dada proporcionat per la plataforma de ciutat VLC"
0d84a4ac-7131-4c9a-8ed9-6be68c39b49e,t248670-daily,"Dades diàries del sensor de soroll ubicat al barri de Russafa, en el carrer Carles Cervera, chaflà amb Reina Doña María",Ajuntament de València,medio-ambiente,1,CSV,2025-05-20,cc-by,https://opendata.vlci.valencia.es/dataset/t248670-daily,https://datosbi.vlci.valencia.es/pentaho/plugin/cda/api/doQuery?path=/public/vlci/datosabiertos/calidadambiental_sonometros_ruzafa_diarios.cda&dataAccessId=sqlSonometrosRuzafaDaily&paramid=T248670-daily&outputType=CSV&_TRUST_USER_=publicoda,CSV,contexto,contexto,"contexto=barri,carrer","Dades diàries del sensor de soroll ubicat al barri de Russafa i en concret en el carrer Carles Cervera, chaflà amb Reina Doña María (T248670). La seua ubicació exacta és: 39.4613005, -0.37288599999999406.    A continuació s'explica cadascuna de les columnes del recurs.    * RecvTime: Dada proporcion"
eb3bce72-b02d-4d44-9c14-86fb0b6328d4,t248676-daily,"Dades diàries del sensor de soroll ubicat al barri de Russafa, en el carrer Salvador Abril, chaflà amb Maestro José Serrano",Ajuntament de València,medio-ambiente,1,CSV,2025-05-20,cc-by,https://opendata.vlci.valencia.es/dataset/t248676-daily,https://datosbi.vlci.valencia.es/pentaho/plugin/cda/api/doQuery?path=/public/vlci/datosabiertos/calidadambiental_sonometros_ruzafa_diarios.cda&dataAccessId=sqlSonometrosRuzafaDaily&paramid=T248676-daily&outputType=CSV&_TRUST_USER_=publicoda,CSV,contexto,contexto,"contexto=barri,carrer","Dades diàries del sensor de soroll ubicat al barri de Russafa i en concret en el carrer Salvador Abril, chaflà amb Maestro José Serrano (T248676). La seua ubicació exacta és: 39.4635655, -0.37060220000000754.    A continuació s'explica cadascuna de les columnes del recurs.    * RecvTime: Dada propor"
f4c53548-78d1-40b0-bccf-021ecd969742,t248677-daily,"Dades diàries del sensor de soroll ubicat al barri de Russafa, en el carrer Vivons, chaflà amb Cadis",Ajuntament de València,medio-ambiente,1,CSV,2025-05-20,cc-by,https://opendata.vlci.valencia.es/dataset/t248677-daily,https://datosbi.vlci.valencia.es/pentaho/plugin/cda/api/doQuery?path=/public/vlci/datosabiertos/calidadambiental_sonometros_ruzafa_diarios.cda&dataAccessId=sqlSonometrosRuzafaDaily&paramid=T248677-daily&outputType=CSV&_TRUST_USER_=publicoda,CSV,contexto,contexto,"contexto=barri,carrer","Dades diàries del sensor de soroll ubicat al barri de Russafa i en concret en el carrer Vivons, chaflà amb Cadis (T248677). La seua ubicació exacta és: 39.4599927, -0.3721407000000454.    A continuació s'explica cadascuna de les columnes del recurs.    * RecvTime: Dada proporcionat per la plataforma"
f4a398ee-5e4b-441c-ad88-7a5c1e5e9e41,t248678-daily,"Dades diàries del sensor de soroll ubicat al barri de Russafa, en el carrer Carles Cervera, 34",Ajuntament de València,medio-ambiente,1,CSV,2025-05-20,cc-by,https://opendata.vlci.valencia.es/dataset/t248678-daily,https://datosbi.vlci.valencia.es/pentaho/plugin/cda/api/doQuery?path=/public/vlci/datosabiertos/calidadambiental_sonometros_ruzafa_diarios.cda&dataAccessId=sqlSonometrosRuzafaDaily&paramid=T248678-daily&outputType=CSV&_TRUST_USER_=publicoda,CSV,contexto,contexto,"contexto=barri,carrer","Dades diàries del sensor de soroll ubicat al barri de Russafa i en concret en el carrer Carles Cervera, 34 (T248678). La seua ubicació exacta és: 39.4615883, -0.3727962000000389.    A continuació s'explica cadascuna de les columnes del recurs.    * RecvTime: Dada proporcionat per la plataforma de ci"
80fac6be-310e-4293-aefc-02322c4a1c39,t248672-daily,"Dades diàries del sensor de soroll ubicat al barri de Russafa, en el carrer Puerto Rico, 21",Ajuntament de València,medio-ambiente,1,CSV,2025-05-20,cc-by,https://opendata.vlci.valencia.es/dataset/t248672-daily,https://datosbi.vlci.valencia.es/pentaho/plugin/cda/api/doQuery?path=/public/vlci/datosabiertos/calidadambiental_sonometros_ruzafa_diarios.cda&dataAccessId=sqlSonometrosRuzafaDaily&paramid=T248672-daily&outputType=CSV&_TRUST_USER_=publicoda,CSV,contexto,contexto,"contexto=barri,carrer","Dades diàries del sensor de soroll ubicat al barri de Russafa i en concret en el carrer Puerto Rico, 21 (T248672). La seua ubicació exacta és: 39.4609867, -0.3761412000000064.    A continuació s'explica cadascuna de les columnes del recurs.    * RecvTime: Dada proporcionat per la plataforma de ciuta"
3f3a91a3-70b0-43af-b61f-82fdc8da03b9,t248669-daily,"Dades diàries del sensor de soroll ubicat al barri de Russafa, en el carrer Doctor Serrano, 21",Ajuntament de València,medio-ambiente,1,CSV,2025-05-20,cc-by,https://opendata.vlci.valencia.es/dataset/t248669-daily,https://datosbi.vlci.valencia.es/pentaho/plugin/cda/api/doQuery?path=/public/vlci/datosabiertos/calidadambiental_sonometros_ruzafa_diarios.cda&dataAccessId=sqlSonometrosRuzafaDaily&paramid=T248669-daily&outputType=CSV&_TRUST_USER_=publicoda,CSV,contexto,contexto,"contexto=barri,carrer","Dades diàries del sensor de soroll ubicat al barri de Russafa i en concret en el carrer Doctor Serrano, 21 (T248669). La seua ubicació exacta és: 39.4626872, -0.3737806999999975.    A continuació s'explica cadascuna de les columnes del recurs.    * RecvTime: Dada proporcionat per la plataforma de ci"
466e1b85-eb8a-4454-ae7c-c1955e6b1533,t248661-daily,"Dades diàries del sensor de soroll ubicat al barri de Russafa, en el carrer General Prim, chaflà amb Donoso Cortés",Ajuntament de València,medio-ambiente,1,CSV,2025-05-20,cc-by,https://opendata.vlci.valencia.es/dataset/t248661-daily,https://datosbi.vlci.valencia.es/pentaho/plugin/cda/api/doQuery?path=/public/vlci/datosabiertos/calidadambiental_sonometros_ruzafa_diarios.cda&dataAccessId=sqlSonometrosRuzafaDaily&paramid=T248661-daily&outputType=CSV&_TRUST_USER_=publicoda,CSV,contexto,contexto,"contexto=barri,carrer","Dades diàries del sensor de soroll ubicat al barri de Russafa i en concret en el carrer General Prim, chaflà amb Donoso Cortés (T248661). La seua ubicació exacta és: 39.4625622, -0.370427100000029.    A continuació s'explica cadascuna de les columnes del recurs.    * RecvTime: Dada proporcionat per "
ff7e9c3f-677c-405b-beb4-2123829401d9,t248679-daily,"Dades diàries del sensor de soroll ubicat al barri de Russafa, en el carrer Matías Perelló, amb carrer Doctor Sumsi",Ajuntament de València,medio-ambiente,1,CSV,2025-05-20,cc-by,https://opendata.vlci.valencia.es/dataset/t248679-daily,https://datosbi.vlci.valencia.es/pentaho/plugin/cda/api/doQuery?path=/public/vlci/datosabiertos/calidadambiental_sonometros_ruzafa_diarios.cda&dataAccessId=sqlSonometrosRuzafaDaily&paramid=T248679-daily&outputType=CSV&_TRUST_USER_=publicoda,CSV,contexto,contexto,"contexto=barri,carrer","Dades diàries del sensor de soroll ubicat al barri de Russafa i en concret en el carrer Matías Perelló, amb carrer Doctor Sumsi (T248679). La seua ubicació exacta és: 39.4614718, -0.36814430000003995.    A continuació s'explica cadascuna de les columnes del recurs.    * RecvTime: Dada proporcionat p"
de9261a8-f1dc-49d6-9902-d0d4bf8287be,urban-area-by-neighborhoods,Superfície urbana per barris,Ajuntament de València,,1,CSV,2022-12-21,cc-by,https://opendata.vlci.valencia.es/dataset/urban-area-by-neighborhoods,https://opendata.vlci.valencia.es/dataset/de9261a8-f1dc-49d6-9902-d0d4bf8287be/resource/c3a55164-920d-4653-96c3-c569f8e7f461/download/dataset_sol_urbanitzable.csv,CSV,contexto,contexto,contexto=barri,Superfície classificada com SU pel PGOU 1988. En les superfícies de les taules no s'inclou: La superfície de sòls transformats per planejament de desenvolupament posteriorment a l'aprovació del PGOU i classificats com SUNP o SUP   
c1a52dbf-898a-4fb5-94c2-c33a1d9fe963,gardens-and-green-spaces,Jardins i espais verds,Ajuntament de València,,18,CSV|DWG|GML|JSON|KML|SHZ,2022-05-26,cc-by,https://opendata.vlci.valencia.es/dataset/gardens-and-green-spaces,https://geoportal.valencia.es/apps/OpenData/MedioAmbiente/JARD_ESP_VERDES_ACT.csv,CSV,contexto,contexto,contexto=barri,Jardins i espais verds a la ciutat de València amb les següents dades:    - Ubicació  - Barri  - Tipologia
2cd0c2be-7764-4c97-b509-cce6eaf773e4,talls-transit-falles,Talls trànsit falles (informació no actualitzada),Ajuntament de València,"cultura-ocio, turismo",8,CSV|DWG|GEOJSON|GML|KML|SHZ|WFS|WMS,2022-05-04,cc-by,https://opendata.vlci.valencia.es/dataset/talls-transit-falles,https://geoportal.valencia.es/server/services/OPENDATA/Turismo/MapServer/WFSServer?service=WFS&version=1.1.0&request=GetFeature&typename=Zones_mobilitat_reduïda___Zonas_mobilidad_reducida,WFS,contexto,contexto,contexto=carrer,Talls de carrer en la festa de FALLES
6fe951c4-a0ad-4bc2-ab8b-6b2443d6f75f,barraques-de-falles,Barraques de Falles (informació no actualitzada),Ajuntament de València,"cultura-ocio, turismo",8,CSV|DWG|GEOJSON|GML|KML|SHZ|WFS|WMS,2022-05-04,cc-by,https://opendata.vlci.valencia.es/dataset/barraques-de-falles,https://geoportal.valencia.es/server/services/OPENDATA/Turismo/MapServer/WFSServer?service=WFS&version=1.1.0&request=GetFeature&typename=Carpes_falles___Carpas_fallas,WFS,contexto,contexto,contexto=carrer,Localització de les barraques que s’instal·len en el carrer en FALLES
511c5ead-bdff-49d0-b1bd-411cb2086320,recursos-socials-dirigits-a-tota-la-poblacio,Recursos socials dirigits a tota la població,Ajuntament de València,sociedad-bienestar,8,CSV|DWG|GEOJSON|GML|KML|SHZ|WFS|WMS,2022-04-07,cc-by,https://opendata.vlci.valencia.es/dataset/recursos-socials-dirigits-a-tota-la-poblacio,https://geoportal.valencia.es/server/services/OPENDATA/SociedadBienestar/MapServer/WFSServer?service=WFS&version=1.1.0&request=GetFeature&typename=R.S._tota_la_població___R.S._toda_la_población,WFS,contexto,contexto,"contexto=poblacio,població,población","Recursos socials (administració pública, associacions, empreses de servicis…) en el municipi de València que presten servicis dirigits a la població en general    * Descripción: Descripció del recurs social.  * Titularidad: Titular del recurs, si ho té.  * idnotes: Identificador que enllaça amb la g"
694b7f70-b9ab-40f9-adcf-9075a083d988,eixos-lineals-dels-carrers,Eixos lineals dels carrers,Ajuntament de València,urbanismo-infraestructuras,8,CSV|DWG|GEOJSON|GML|KML|SHZ|WFS|WMS,2022-04-01,cc-by,https://opendata.vlci.valencia.es/dataset/eixos-lineals-dels-carrers,https://geoportal.valencia.es/server/services/OPENDATA/UrbanismoEInfraestructuras/MapServer/WFSServer?service=WFS&version=1.1.0&request=GetFeature&typename=Eixos_de_carrer___Ejes_de_calle,WFS,contexto,contexto,contexto=carrer,Àmbit que comprén el vial en qüestió.    * Codvia: Codi de la via.  * lf_add: Número de portal des de a l’esquerra  * lt_add: Número de portal fins a l’esquerra  * rf_add: Número de portal des de a la dreta  * rt_add: Número de portal fins a la dreta  * tipcalle: Tipus de carrer  * nomcalle: Descrip
